run_id,candidate_id,candidate,model,prompt_strategy,target_class,saturation_level,text_type,source_adapter,source_file,original_text,normalized_text,phonemes,total_phonemes,target_count,saturation_percentage,passes_saturation,is_valid,failure_reasons,word_count,dictionary_mode,dictionary_backend,dictionary_word_validity,dictionary_invalid_words,dictionary_unknown_words,dictionary_review_complete
20260604_160319,20260604_160319_00000,buba,ChatGPT Plus,paper_style,N,50.0,word,manual_csv,data/chatgpt_plus_task16_full.csv,buba,buba,b u b a,4,3,75.0,True,True,,1,hunspell_cli,hunspell_cli,yes,,,yes
20260604_160319,20260604_160319_00001,bubanj,ChatGPT Plus,paper_style,N,50.0,word,manual_csv,data/chatgpt_plus_task16_full.csv,bubanj,bubanj,b u b a nj,5,4,80.0,True,True,,1,hunspell_cli,hunspell_cli,yes,,,yes
20260604_160319,20260604_160319_00002,bubica,ChatGPT Plus,paper_style,N,50.0,word,manual_csv,data/chatgpt_plus_task16_full.csv,bubica,bubica,b u b i c a,6,3,50.0,True,True,,1,hunspell_cli,hunspell_cli,yes,,,yes
20260604_160319,20260604_160319_00003,bubnjar,ChatGPT Plus,paper_style,N,50.0,word,manual_csv,data/chatgpt_plus_task16_full.csv,bubnjar,bubnjar,b u b nj a r,6,4,66.66666666666666,True,True,,1,hunspell_cli,hunspell_cli,yes,,,yes
20260604_160319,20260604_160319_00004,bubamara,ChatGPT Plus,paper_style,N,50.0,word,manual_csv,data/chatgpt_plus_task16_full.csv,bubamara,bubamara,b u b a m a r a,8,4,50.0,True,True,,1,hunspell_cli,hunspell_cli,yes,,,yes
20260604_160319,20260604_160319_00005,bunar,ChatGPT Plus,paper_style,N,50.0,word,manual_csv,data/chatgpt_plus_task16_full.csv,bunar,bunar,b u n a r,5,3,60.0,True,True,,1,hunspell_cli,hunspell_cli,yes,,,yes
20260604_160319,20260604_160319_00006,buna,ChatGPT Plus,paper_style,N,50.0,word,manual_csv,data/chatgpt_plus_task16_full.csv,buna,buna,b u n a,4,3,75.0,True,True,,1,hunspell_cli,hunspell_cli,yes,,,yes
20260604_160319,20260604_160319_00007,bumbar,ChatGPT Plus,paper_style,N,50.0,word,manual_csv,data/chatgpt_plus_task16_full.csv,bumbar,bumbar,b u m b a r,6,4,66.66666666666666,True,True,,1,hunspell_cli,hunspell_cli,yes,,,yes
20260604_160319,20260604_160319_00008,bum,ChatGPT Plus,paper_style,N,50.0,word,manual_csv,data/chatgpt_plus_task16_full.csv,bum,bum,b u m,3,3,100.0,True,True,,1,hunspell_cli,hunspell_cli,yes,,,yes
20260604_160319,20260604_160319_00009,pumpa,ChatGPT Plus,paper_style,N,50.0,word,manual_csv,data/chatgpt_plus_task16_full.csv,pumpa,pumpa,p u m p a,5,4,80.0,True,True,,1,hunspell_cli,hunspell_cli,yes,,,yes
20260604_160319,20260604_160319_00010,puna,ChatGPT Plus,paper_style,N,50.0,word,manual_csv,data/chatgpt_plus_task16_full.csv,puna,puna,p u n a,4,3,75.0,True,True,,1,hunspell_cli,hunspell_cli,yes,,,yes
20260604_160319,20260604_160319_00011,pun,ChatGPT Plus,paper_style,N,50.0,word,manual_csv,data/chatgpt_plus_task16_full.csv,pun,pun,p u n,3,3,100.0,True,True,,1,hunspell_cli,hunspell_cli,yes,,,yes
20260604_160319,20260604_160319_00012,puno,ChatGPT Plus,paper_style,N,50.0,word,manual_csv,data/chatgpt_plus_task16_full.csv,puno,puno,p u n o,4,3,75.0,True,True,,1,hunspell_cli,hunspell_cli,yes,,,yes
20260604_160319,20260604_160319_00013,punina,ChatGPT Plus,paper_style,N,50.0,word,manual_csv,data/chatgpt_plus_task16_full.csv,punina,punina,p u n i n a,6,4,66.66666666666666,True,True,,1,hunspell_cli,hunspell_cli,yes,,,yes
20260604_160319,20260604_160319_00014,unuk,ChatGPT Plus,paper_style,N,50.0,word,manual_csv,data/chatgpt_plus_task16_full.csv,unuk,unuk,u n u k,4,3,75.0,True,True,,1,hunspell_cli,hunspell_cli,yes,,,yes
20260604_160319,20260604_160319_00015,unuka,ChatGPT Plus,paper_style,N,50.0,word,manual_csv,data/chatgpt_plus_task16_full.csv,unuka,unuka,u n u k a,5,3,60.0,True,True,,1,hunspell_cli,hunspell_cli,yes,,,yes
20260604_160319,20260604_160319_00016,munja,ChatGPT Plus,paper_style,N,50.0,word,manual_csv,data/chatgpt_plus_task16_full.csv,munja,munja,m u nj a,4,3,75.0,True,True,,1,hunspell_cli,hunspell_cli,yes,,,yes
20260604_160319,20260604_160319_00017,mumljanje,ChatGPT Plus,paper_style,N,50.0,word,manual_csv,data/chatgpt_plus_task16_full.csv,mumljanje,mumljanje,m u m lj a nj e,7,4,57.14285714285714,True,True,,1,hunspell_cli,hunspell_cli,yes,,,yes
20260604_160319,20260604_160319_00029,puni,ChatGPT Plus,strict_plain_list,N,50.0,word,manual_csv,data/chatgpt_plus_task16_full.csv,puni,puni,p u n i,4,3,75.0,True,True,,1,hunspell_cli,hunspell_cli,yes,,,yes
20260604_160319,20260604_160319_00034,munjina,ChatGPT Plus,strict_plain_list,N,50.0,word,manual_csv,data/chatgpt_plus_task16_full.csv,munjina,munjina,m u nj i n a,6,4,66.66666666666666,True,True,,1,hunspell_cli,hunspell_cli,yes,,,yes
20260604_160319,20260604_160319_00038,bubnjava,ChatGPT Plus,strict_plain_list,N,50.0,word,manual_csv,data/chatgpt_plus_task16_full.csv,bubnjava,bubnjava,b u b nj a v a,7,4,57.14285714285714,True,True,,1,hunspell_cli,hunspell_cli,yes,,,yes
20260604_160319,20260604_160319_00039,punjenje,ChatGPT Plus,strict_plain_list,N,50.0,word,manual_csv,data/chatgpt_plus_task16_full.csv,punjenje,punjenje,p u nj e nj e,6,4,66.66666666666666,True,True,,1,hunspell_cli,hunspell_cli,yes,,,yes
20260604_160319,20260604_160319_00040,Mama mumlja punu bundu.,ChatGPT Plus,paper_style,N,50.0,sentence,manual_csv,data/chatgpt_plus_task16_full.csv,Mama mumlja punu bundu.,mama mumlja punu bundu,m a m a m u m lj a p u n u b u n d u,18,13,72.22222222222221,True,True,,4,hunspell_cli,hunspell_cli,yes,,,yes
20260604_160319,20260604_160319_00045,Mamin unuk bubnja.,ChatGPT Plus,paper_style,N,50.0,sentence,manual_csv,data/chatgpt_plus_task16_full.csv,Mamin unuk bubnja.,mamin unuk bubnja,m a m i n u n u k b u b nj a,14,10,71.42857142857143,True,True,,3,hunspell_cli,hunspell_cli,yes,,,yes
20260604_160319,20260604_160319_00046,Buba mumlja mami.,ChatGPT Plus,paper_style,N,50.0,sentence,manual_csv,data/chatgpt_plus_task16_full.csv,Buba mumlja mami.,buba mumlja mami,b u b a m u m lj a m a m i,13,8,61.53846153846154,True,True,,3,hunspell_cli,hunspell_cli,yes,,,yes
20260604_160319,20260604_160319_00048,Bubanj puni buku.,ChatGPT Plus,paper_style,N,50.0,sentence,manual_csv,data/chatgpt_plus_task16_full.csv,Bubanj puni buku.,bubanj puni buku,b u b a nj p u n i b u k u,13,10,76.92307692307693,True,True,,3,hunspell_cli,hunspell_cli,yes,,,yes
20260604_160319,20260604_160319_00052,Unuk mumlja mami.,ChatGPT Plus,paper_style,N,50.0,sentence,manual_csv,data/chatgpt_plus_task16_full.csv,Unuk mumlja mami.,unuk mumlja mami,u n u k m u m lj a m a m i,13,8,61.53846153846154,True,True,,3,hunspell_cli,hunspell_cli,yes,,,yes
20260604_160319,20260604_160319_00053,Buba puni bunar.,ChatGPT Plus,paper_style,N,50.0,sentence,manual_csv,data/chatgpt_plus_task16_full.csv,Buba puni bunar.,buba puni bunar,b u b a p u n i b u n a r,13,9,69.23076923076923,True,True,,3,hunspell_cli,hunspell_cli,yes,,,yes
20260604_160319,20260604_160319_00055,Mamin bunar pupa.,ChatGPT Plus,paper_style,N,50.0,sentence,manual_csv,data/chatgpt_plus_task16_full.csv,Mamin bunar pupa.,mamin bunar pupa,m a m i n b u n a r p u p a,14,9,64.28571428571429,True,True,,3,hunspell_cli,hunspell_cli,yes,,,yes
20260604_160319,20260604_160319_00057,Mama pumpa gumu.,ChatGPT Plus,paper_style,N,50.0,sentence,manual_csv,data/chatgpt_plus_task16_full.csv,Mama pumpa gumu.,mama pumpa gumu,m a m a p u m p a g u m u,13,9,69.23076923076923,True,True,,3,hunspell_cli,hunspell_cli,yes,,,yes
20260604_160319,20260604_160319_00059,Buba bubnja mami.,ChatGPT Plus,paper_style,N,50.0,sentence,manual_csv,data/chatgpt_plus_task16_full.csv,Buba bubnja mami.,buba bubnja mami,b u b a b u b nj a m a m i,13,9,69.23076923076923,True,True,,3,hunspell_cli,hunspell_cli,yes,,,yes
20260604_160319,20260604_160319_00060,Mama puni pumpu.,ChatGPT Plus,strict_plain_list,N,50.0,sentence,manual_csv,data/chatgpt_plus_task16_full.csv,Mama puni pumpu.,mama puni pumpu,m a m a p u n i p u m p u,13,10,76.92307692307693,True,True,,3,hunspell_cli,hunspell_cli,yes,,,yes
20260604_160319,20260604_160319_00061,Buba budi mamu.,ChatGPT Plus,strict_plain_list,N,50.0,sentence,manual_csv,data/chatgpt_plus_task16_full.csv,Buba budi mamu.,buba budi mamu,b u b a b u d i m a m u,12,8,66.66666666666666,True,True,,3,hunspell_cli,hunspell_cli,yes,,,yes
20260604_160319,20260604_160319_00062,Unuk nosi bundu.,ChatGPT Plus,strict_plain_list,N,50.0,sentence,manual_csv,data/chatgpt_plus_task16_full.csv,Unuk nosi bundu.,unuk nosi bundu,u n u k n o s i b u n d u,13,8,61.53846153846154,True,True,,3,hunspell_cli,hunspell_cli,yes,,,yes
20260604_160319,20260604_160319_00063,Mama nudi bunar.,ChatGPT Plus,strict_plain_list,N,50.0,sentence,manual_csv,data/chatgpt_plus_task16_full.csv,Mama nudi bunar.,mama nudi bunar,m a m a n u d i b u n a r,13,7,53.84615384615385,True,True,,3,hunspell_cli,hunspell_cli,yes,,,yes
20260604_160319,20260604_160319_00066,Mama kupuje bundu.,ChatGPT Plus,strict_plain_list,N,50.0,sentence,manual_csv,data/chatgpt_plus_task16_full.csv,Mama kupuje bundu.,mama kupuje bundu,m a m a k u p u j e b u n d u,15,9,60.0,True,True,,3,hunspell_cli,hunspell_cli,yes,,,yes
20260604_160319,20260604_160319_00067,Unuk pumpa gumu.,ChatGPT Plus,strict_plain_list,N,50.0,sentence,manual_csv,data/chatgpt_plus_task16_full.csv,Unuk pumpa gumu.,unuk pumpa gumu,u n u k p u m p a g u m u,13,10,76.92307692307693,True,True,,3,hunspell_cli,hunspell_cli,yes,,,yes
20260604_160319,20260604_160319_00068,Buba pada u bunar.,ChatGPT Plus,strict_plain_list,N,50.0,sentence,manual_csv,data/chatgpt_plus_task16_full.csv,Buba pada u bunar.,buba pada u bunar,b u b a p a d a u b u n a r,14,8,57.14285714285714,True,True,,4,hunspell_cli,hunspell_cli,yes,,,yes
20260604_160319,20260604_160319_00069,Mama budi unuka.,ChatGPT Plus,strict_plain_list,N,50.0,sentence,manual_csv,data/chatgpt_plus_task16_full.csv,Mama budi unuka.,mama budi unuka,m a m a b u d i u n u k a,13,7,53.84615384615385,True,True,,3,hunspell_cli,hunspell_cli,yes,,,yes
20260604_160319,20260604_160319_00072,Mama plete punđu.,ChatGPT Plus,strict_plain_list,N,50.0,sentence,manual_csv,data/chatgpt_plus_task16_full.csv,Mama plete punđu.,mama plete punđu,m a m a p l e t e p u n đ u,14,7,50.0,True,True,,3,hunspell_cli,hunspell_cli,yes,,,yes
20260604_160319,20260604_160319_00073,Unuk nosi pupu.,ChatGPT Plus,strict_plain_list,N,50.0,sentence,manual_csv,data/chatgpt_plus_task16_full.csv,Unuk nosi pupu.,unuk nosi pupu,u n u k n o s i p u p u,12,8,66.66666666666666,True,True,,3,hunspell_cli,hunspell_cli,yes,,,yes
20260604_160319,20260604_160319_00075,Bunar puni munja.,ChatGPT Plus,strict_plain_list,N,50.0,sentence,manual_csv,data/chatgpt_plus_task16_full.csv,Bunar puni munja.,bunar puni munja,b u n a r p u n i m u nj a,13,9,69.23076923076923,True,True,,3,hunspell_cli,hunspell_cli,yes,,,yes
20260604_160319,20260604_160319_00076,Mama kupuje pumpu.,ChatGPT Plus,strict_plain_list,N,50.0,sentence,manual_csv,data/chatgpt_plus_task16_full.csv,Mama kupuje pumpu.,mama kupuje pumpu,m a m a k u p u j e p u m p u,15,10,66.66666666666666,True,True,,3,hunspell_cli,hunspell_cli,yes,,,yes
20260604_160319,20260604_160319_00077,Buba nosi bundu.,ChatGPT Plus,strict_plain_list,N,50.0,sentence,manual_csv,data/chatgpt_plus_task16_full.csv,Buba nosi bundu.,buba nosi bundu,b u b a n o s i b u n d u,13,8,61.53846153846154,True,True,,3,hunspell_cli,hunspell_cli,yes,,,yes
20260604_160319,20260604_160319_00079,Unuk puni bunar.,ChatGPT Plus,strict_plain_list,N,50.0,sentence,manual_csv,data/chatgpt_plus_task16_full.csv,Unuk puni bunar.,unuk puni bunar,u n u k p u n i b u n a r,13,9,69.23076923076923,True,True,,3,hunspell_cli,hunspell_cli,yes,,,yes
20260604_160319,20260604_160319_00084,punu,ChatGPT Plus,paper_style,N,70.0,word,manual_csv,data/chatgpt_plus_task16_full.csv,punu,punu,p u n u,4,4,100.0,True,True,,1,hunspell_cli,hunspell_cli,yes,,,yes
20260604_160319,20260604_160319_00086,pumpe,ChatGPT Plus,paper_style,N,70.0,word,manual_csv,data/chatgpt_plus_task16_full.csv,pumpe,pumpe,p u m p e,5,4,80.0,True,True,,1,hunspell_cli,hunspell_cli,yes,,,yes
20260604_160319,20260604_160319_00087,pumpu,ChatGPT Plus,paper_style,N,70.0,word,manual_csv,data/chatgpt_plus_task16_full.csv,pumpu,pumpu,p u m p u,5,5,100.0,True,True,,1,hunspell_cli,hunspell_cli,yes,,,yes
20260604_160319,20260604_160319_00089,bubu,ChatGPT Plus,paper_style,N,70.0,word,manual_csv,data/chatgpt_plus_task16_full.csv,bubu,bubu,b u b u,4,4,100.0,True,True,,1,hunspell_cli,hunspell_cli,yes,,,yes
20260604_160319,20260604_160319_00090,bube,ChatGPT Plus,paper_style,N,70.0,word,manual_csv,data/chatgpt_plus_task16_full.csv,bube,bube,b u b e,4,3,75.0,True,True,,1,hunspell_cli,hunspell_cli,yes,,,yes
20260604_160319,20260604_160319_00091,bubi,ChatGPT Plus,paper_style,N,70.0,word,manual_csv,data/chatgpt_plus_task16_full.csv,bubi,bubi,b u b i,4,3,75.0,True,True,,1,hunspell_cli,hunspell_cli,yes,,,yes
20260604_160319,20260604_160319_00093,bubnja,ChatGPT Plus,paper_style,N,70.0,word,manual_csv,data/chatgpt_plus_task16_full.csv,bubnja,bubnja,b u b nj a,5,4,80.0,True,True,,1,hunspell_cli,hunspell_cli,yes,,,yes
20260604_160319,20260604_160319_00094,bubnju,ChatGPT Plus,paper_style,N,70.0,word,manual_csv,data/chatgpt_plus_task16_full.csv,bubnju,bubnju,b u b nj u,5,5,100.0,True,True,,1,hunspell_cli,hunspell_cli,yes,,,yes
20260604_160319,20260604_160319_00095,bubnjem,ChatGPT Plus,paper_style,N,70.0,word,manual_csv,data/chatgpt_plus_task16_full.csv,bubnjem,bubnjem,b u b nj e m,6,5,83.33333333333334,True,True,,1,hunspell_cli,hunspell_cli,yes,,,yes
20260604_160319,20260604_160319_00097,bunu,ChatGPT Plus,paper_style,N,70.0,word,manual_csv,data/chatgpt_plus_task16_full.csv,bunu,bunu,b u n u,4,4,100.0,True,True,,1,hunspell_cli,hunspell_cli,yes,,,yes
20260604_160319,20260604_160319_00098,buni,ChatGPT Plus,paper_style,N,70.0,word,manual_csv,data/chatgpt_plus_task16_full.csv,buni,buni,b u n i,4,3,75.0,True,True,,1,hunspell_cli,hunspell_cli,yes,,,yes
20260604_160319,20260604_160319_00118,munju,ChatGPT Plus,strict_plain_list,N,70.0,word,manual_csv,data/chatgpt_plus_task16_full.csv,munju,munju,m u nj u,4,4,100.0,True,True,,1,hunspell_cli,hunspell_cli,yes,,,yes
20260604_160319,20260604_160319_00120,Mama pumpa pumpu.,ChatGPT Plus,paper_style,N,70.0,sentence,manual_csv,data/chatgpt_plus_task16_full.csv,Mama pumpa pumpu.,mama pumpa pumpu,m a m a p u m p a p u m p u,14,11,78.57142857142857,True,True,,3,hunspell_cli,hunspell_cli,yes,,,yes
20260604_160319,20260604_160319_00121,Baba puni pumpu.,ChatGPT Plus,paper_style,N,70.0,sentence,manual_csv,data/chatgpt_plus_task16_full.csv,Baba puni pumpu.,baba puni pumpu,b a b a p u n i p u m p u,13,10,76.92307692307693,True,True,,3,hunspell_cli,hunspell_cli,yes,,,yes
20260604_160319,20260604_160319_00126,Buba puni pumpu.,ChatGPT Plus,paper_style,N,70.0,sentence,manual_csv,data/chatgpt_plus_task16_full.csv,Buba puni pumpu.,buba puni pumpu,b u b a p u n i p u m p u,13,11,84.61538461538461,True,True,,3,hunspell_cli,hunspell_cli,yes,,,yes
20260604_160319,20260604_160319_00132,Unuk pumpa pumpu.,ChatGPT Plus,paper_style,N,70.0,sentence,manual_csv,data/chatgpt_plus_task16_full.csv,Unuk pumpa pumpu.,unuk pumpa pumpu,u n u k p u m p a p u m p u,14,12,85.71428571428571,True,True,,3,hunspell_cli,hunspell_cli,yes,,,yes
20260604_160319,20260604_160319_00138,Unuk puni bubanj.,ChatGPT Plus,paper_style,N,70.0,sentence,manual_csv,data/chatgpt_plus_task16_full.csv,Unuk puni bubanj.,unuk puni bubanj,u n u k p u n i b u b a nj,13,10,76.92307692307693,True,True,,3,hunspell_cli,hunspell_cli,yes,,,yes
20260604_160319,20260604_160319_00143,Unuk puni pumpu.,ChatGPT Plus,strict_plain_list,N,70.0,sentence,manual_csv,data/chatgpt_plus_task16_full.csv,Unuk puni pumpu.,unuk puni pumpu,u n u k p u n i p u m p u,13,11,84.61538461538461,True,True,,3,hunspell_cli,hunspell_cli,yes,,,yes
20260604_160319,20260604_160319_00145,Buba puni bundu.,ChatGPT Plus,strict_plain_list,N,70.0,sentence,manual_csv,data/chatgpt_plus_task16_full.csv,Buba puni bundu.,buba puni bundu,b u b a p u n i b u n d u,13,10,76.92307692307693,True,True,,3,hunspell_cli,hunspell_cli,yes,,,yes
20260604_160319,20260604_160319_00147,Unuk puni bundu.,ChatGPT Plus,strict_plain_list,N,70.0,sentence,manual_csv,data/chatgpt_plus_task16_full.csv,Unuk puni bundu.,unuk puni bundu,u n u k p u n i b u n d u,13,10,76.92307692307693,True,True,,3,hunspell_cli,hunspell_cli,yes,,,yes
20260604_160319,20260604_160319_00149,Buba puni bubanj.,ChatGPT Plus,strict_plain_list,N,70.0,sentence,manual_csv,data/chatgpt_plus_task16_full.csv,Buba puni bubanj.,buba puni bubanj,b u b a p u n i b u b a nj,13,10,76.92307692307693,True,True,,3,hunspell_cli,hunspell_cli,yes,,,yes
20260604_160319,20260604_160319_00153,Buba pumpa pumpu.,ChatGPT Plus,strict_plain_list,N,70.0,sentence,manual_csv,data/chatgpt_plus_task16_full.csv,Buba pumpa pumpu.,buba pumpa pumpu,b u b a p u m p a p u m p u,14,12,85.71428571428571,True,True,,3,hunspell_cli,hunspell_cli,yes,,,yes
20260604_160319,20260604_160319_00154,Baba pumpa pumpu.,ChatGPT Plus,strict_plain_list,N,70.0,sentence,manual_csv,data/chatgpt_plus_task16_full.csv,Baba pumpa pumpu.,baba pumpa pumpu,b a b a p u m p a p u m p u,14,11,78.57142857142857,True,True,,3,hunspell_cli,hunspell_cli,yes,,,yes
20260604_160319,20260604_160319_00156,Mama pumpa bubanj.,ChatGPT Plus,strict_plain_list,N,70.0,sentence,manual_csv,data/chatgpt_plus_task16_full.csv,Mama pumpa bubanj.,mama pumpa bubanj,m a m a p u m p a b u b a nj,14,10,71.42857142857143,True,True,,3,hunspell_cli,hunspell_cli,yes,,,yes
20260604_160319,20260604_160319_00157,Buba pumpa bubanj.,ChatGPT Plus,strict_plain_list,N,70.0,sentence,manual_csv,data/chatgpt_plus_task16_full.csv,Buba pumpa bubanj.,buba pumpa bubanj,b u b a p u m p a b u b a nj,14,11,78.57142857142857,True,True,,3,hunspell_cli,hunspell_cli,yes,,,yes
20260604_160319,20260604_160319_00158,Baba pumpa bubanj.,ChatGPT Plus,strict_plain_list,N,70.0,sentence,manual_csv,data/chatgpt_plus_task16_full.csv,Baba pumpa bubanj.,baba pumpa bubanj,b a b a p u m p a b u b a nj,14,10,71.42857142857143,True,True,,3,hunspell_cli,hunspell_cli,yes,,,yes
20260604_160319,20260604_160319_00159,Unuk pumpa bubanj.,ChatGPT Plus,strict_plain_list,N,70.0,sentence,manual_csv,data/chatgpt_plus_task16_full.csv,Unuk pumpa bubanj.,unuk pumpa bubanj,u n u k p u m p a b u b a nj,14,11,78.57142857142857,True,True,,3,hunspell_cli,hunspell_cli,yes,,,yes
20260604_160319,20260604_160319_00160,vol,ChatGPT Plus,paper_style,SN,50.0,word,manual_csv,data/chatgpt_plus_task16_full.csv,vol,vol,v o l,3,3,100.0,True,True,,1,hunspell_cli,hunspell_cli,yes,,,yes
20260604_160319,20260604_160319_00161,gol,ChatGPT Plus,paper_style,SN,50.0,word,manual_csv,data/chatgpt_plus_task16_full.csv,gol,gol,g o l,3,3,100.0,True,True,,1,hunspell_cli,hunspell_cli,yes,,,yes
20260604_160319,20260604_160319_00162,golo,ChatGPT Plus,paper_style,SN,50.0,word,manual_csv,data/chatgpt_plus_task16_full.csv,golo,golo,g o l o,4,4,100.0,True,True,,1,hunspell_cli,hunspell_cli,yes,,,yes
20260604_160319,20260604_160319_00163,glog,ChatGPT Plus,paper_style,SN,50.0,word,manual_csv,data/chatgpt_plus_task16_full.csv,glog,glog,g l o g,4,4,100.0,True,True,,1,hunspell_cli,hunspell_cli,yes,,,yes
20260604_160319,20260604_160319_00164,lov,ChatGPT Plus,paper_style,SN,50.0,word,manual_csv,data/chatgpt_plus_task16_full.csv,lov,lov,l o v,3,3,100.0,True,True,,1,hunspell_cli,hunspell_cli,yes,,,yes
20260604_160319,20260604_160319_00165,lovor,ChatGPT Plus,paper_style,SN,50.0,word,manual_csv,data/chatgpt_plus_task16_full.csv,lovor,lovor,l o v o r,5,4,80.0,True,True,,1,hunspell_cli,hunspell_cli,yes,,,yes
20260604_160319,20260604_160319_00166,lovac,ChatGPT Plus,paper_style,SN,50.0,word,manual_csv,data/chatgpt_plus_task16_full.csv,lovac,lovac,l o v a c,5,3,60.0,True,True,,1,hunspell_cli,hunspell_cli,yes,,,yes
20260604_160319,20260604_160319_00167,golub,ChatGPT Plus,paper_style,SN,50.0,word,manual_csv,data/chatgpt_plus_task16_full.csv,golub,golub,g o l u b,5,3,60.0,True,True,,1,hunspell_cli,hunspell_cli,yes,,,yes
20260604_160319,20260604_160319_00168,govor,ChatGPT Plus,paper_style,SN,50.0,word,manual_csv,data/chatgpt_plus_task16_full.csv,govor,govor,g o v o r,5,4,80.0,True,True,,1,hunspell_cli,hunspell_cli,yes,,,yes
20260604_160319,20260604_160319_00169,olovo,ChatGPT Plus,paper_style,SN,50.0,word,manual_csv,data/chatgpt_plus_task16_full.csv,olovo,olovo,o l o v o,5,5,100.0,True,True,,1,hunspell_cli,hunspell_cli,yes,,,yes
20260604_160319,20260604_160319_00170,uho,ChatGPT Plus,paper_style,SN,50.0,word,manual_csv,data/chatgpt_plus_task16_full.csv,uho,uho,u h o,3,2,66.66666666666666,True,True,,1,hunspell_cli,hunspell_cli,yes,,,yes
20260604_160319,20260604_160319_00171,gluh,ChatGPT Plus,paper_style,SN,50.0,word,manual_csv,data/chatgpt_plus_task16_full.csv,gluh,gluh,g l u h,4,3,75.0,True,True,,1,hunspell_cli,hunspell_cli,yes,,,yes
20260604_160319,20260604_160319_00172,gluhi,ChatGPT Plus,paper_style,SN,50.0,word,manual_csv,data/chatgpt_plus_task16_full.csv,gluhi,gluhi,g l u h i,5,3,60.0,True,True,,1,hunspell_cli,hunspell_cli,yes,,,yes
20260604_160319,20260604_160319_00173,vlaga,ChatGPT Plus,paper_style,SN,50.0,word,manual_csv,data/chatgpt_plus_task16_full.csv,vlaga,vlaga,v l a g a,5,3,60.0,True,True,,1,hunspell_cli,hunspell_cli,yes,,,yes
20260604_160319,20260604_160319_00174,glava,ChatGPT Plus,paper_style,SN,50.0,word,manual_csv,data/chatgpt_plus_task16_full.csv,glava,glava,g l a v a,5,3,60.0,True,True,,1,hunspell_cli,hunspell_cli,yes,,,yes
20260604_160319,20260604_160319_00175,plug,ChatGPT Plus,paper_style,SN,50.0,word,manual_csv,data/chatgpt_plus_task16_full.csv,plug,plug,p l u g,4,2,50.0,True,True,,1,hunspell_cli,hunspell_cli,yes,,,yes
20260604_160319,20260604_160319_00176,hvala,ChatGPT Plus,paper_style,SN,50.0,word,manual_csv,data/chatgpt_plus_task16_full.csv,hvala,hvala,h v a l a,5,3,60.0,True,True,,1,hunspell_cli,hunspell_cli,yes,,,yes
20260604_160319,20260604_160319_00177,volja,ChatGPT Plus,paper_style,SN,50.0,word,manual_csv,data/chatgpt_plus_task16_full.csv,volja,volja,v o lj a,4,3,75.0,True,True,,1,hunspell_cli,hunspell_cli,yes,,,yes
20260604_160319,20260604_160319_00178,lula,ChatGPT Plus,paper_style,SN,50.0,word,manual_csv,data/chatgpt_plus_task16_full.csv,lula,lula,l u l a,4,2,50.0,True,True,,1,hunspell_cli,hunspell_cli,yes,,,yes
20260604_160319,20260604_160319_00199,uloga,ChatGPT Plus,strict_plain_list,SN,50.0,word,manual_csv,data/chatgpt_plus_task16_full.csv,uloga,uloga,u l o g a,5,3,60.0,True,True,,1,hunspell_cli,hunspell_cli,yes,,,yes
20260604_160319,20260604_160319_00200,Vol voli glog.,ChatGPT Plus,paper_style,SN,50.0,sentence,manual_csv,data/chatgpt_plus_task16_full.csv,Vol voli glog.,vol voli glog,v o l v o l i g l o g,11,10,90.9090909090909,True,True,,3,hunspell_cli,hunspell_cli,yes,,,yes
20260604_160319,20260604_160319_00201,Golub lovi vola.,ChatGPT Plus,paper_style,SN,50.0,sentence,manual_csv,data/chatgpt_plus_task16_full.csv,Golub lovi vola.,golub lovi vola,g o l u b l o v i v o l a,13,9,69.23076923076923,True,True,,3,hunspell_cli,hunspell_cli,yes,,,yes
20260604_160319,20260604_160319_00202,Lovac lovi goluba.,ChatGPT Plus,paper_style,SN,50.0,sentence,manual_csv,data/chatgpt_plus_task16_full.csv,Lovac lovi goluba.,lovac lovi goluba,l o v a c l o v i g o l u b a,15,9,60.0,True,True,,3,hunspell_cli,hunspell_cli,yes,,,yes
20260604_160319,20260604_160319_00203,Lovac voli lov.,ChatGPT Plus,paper_style,SN,50.0,sentence,manual_csv,data/chatgpt_plus_task16_full.csv,Lovac voli lov.,lovac voli lov,l o v a c v o l i l o v,12,9,75.0,True,True,,3,hunspell_cli,hunspell_cli,yes,,,yes
20260604_160319,20260604_160319_00205,Vol dugo boluje.,ChatGPT Plus,paper_style,SN,50.0,sentence,manual_csv,data/chatgpt_plus_task16_full.csv,Vol dugo boluje.,vol dugo boluje,v o l d u g o b o l u j e,13,7,53.84615384615385,True,True,,3,hunspell_cli,hunspell_cli,yes,,,yes
20260604_160319,20260604_160319_00206,Lovac lovi vuka.,ChatGPT Plus,paper_style,SN,50.0,sentence,manual_csv,data/chatgpt_plus_task16_full.csv,Lovac lovi vuka.,lovac lovi vuka,l o v a c l o v i v u k a,13,7,53.84615384615385,True,True,,3,hunspell_cli,hunspell_cli,yes,,,yes
20260604_160319,20260604_160319_00207,Golub voli volju.,ChatGPT Plus,paper_style,SN,50.0,sentence,manual_csv,data/chatgpt_plus_task16_full.csv,Golub voli volju.,golub voli volju,g o l u b v o l i v o lj u,13,9,69.23076923076923,True,True,,3,hunspell_cli,hunspell_cli,yes,,,yes
20260604_160319,20260604_160319_00208,Vuk lovi goluba.,ChatGPT Plus,paper_style,SN,50.0,sentence,manual_csv,data/chatgpt_plus_task16_full.csv,Vuk lovi goluba.,vuk lovi goluba,v u k l o v i g o l u b a,13,7,53.84615384615385,True,True,,3,hunspell_cli,hunspell_cli,yes,,,yes
20260604_160319,20260604_160319_00209,Lovac gleda goluba.,ChatGPT Plus,paper_style,SN,50.0,sentence,manual_csv,data/chatgpt_plus_task16_full.csv,Lovac gleda goluba.,lovac gleda goluba,l o v a c g l e d a g o l u b a,16,8,50.0,True,True,,3,hunspell_cli,hunspell_cli,yes,,,yes
20260604_160319,20260604_160319_00210,Glog dugo cvjeta.,ChatGPT Plus,paper_style,SN,50.0,sentence,manual_csv,data/chatgpt_plus_task16_full.csv,Glog dugo cvjeta.,glog dugo cvjeta,g l o g d u g o c v j e t a,14,7,50.0,True,True,,3,hunspell_cli,hunspell_cli,yes,,,yes
20260604_160319,20260604_160319_00212,Lovac dugo lovi.,ChatGPT Plus,paper_style,SN,50.0,sentence,manual_csv,data/chatgpt_plus_task16_full.csv,Lovac dugo lovi.,lovac dugo lovi,l o v a c d u g o l o v i,13,8,61.53846153846154,True,True,,3,hunspell_cli,hunspell_cli,yes,,,yes
20260604_160319,20260604_160319_00213,Vol gleda goluba.,ChatGPT Plus,paper_style,SN,50.0,sentence,manual_csv,data/chatgpt_plus_task16_full.csv,Vol gleda goluba.,vol gleda goluba,v o l g l e d a g o l u b a,14,8,57.14285714285714,True,True,,3,hunspell_cli,hunspell_cli,yes,,,yes
20260604_160319,20260604_160319_00215,Golub gleda glog.,ChatGPT Plus,paper_style,SN,50.0,sentence,manual_csv,data/chatgpt_plus_task16_full.csv,Golub gleda glog.,golub gleda glog,g o l u b g l e d a g l o g,14,9,64.28571428571429,True,True,,3,hunspell_cli,hunspell_cli,yes,,,yes
20260604_160319,20260604_160319_00216,Lovac voli golubove.,ChatGPT Plus,paper_style,SN,50.0,sentence,manual_csv,data/chatgpt_plus_task16_full.csv,Lovac voli golubove.,lovac voli golubove,l o v a c v o l i g o l u b o v e,17,11,64.70588235294117,True,True,,3,hunspell_cli,hunspell_cli,yes,,,yes
20260604_160319,20260604_160319_00217,Vol vuče plug.,ChatGPT Plus,paper_style,SN,50.0,sentence,manual_csv,data/chatgpt_plus_task16_full.csv,Vol vuče plug.,vol vuče plug,v o l v u č e p l u g,11,6,54.54545454545454,True,True,,3,hunspell_cli,hunspell_cli,yes,,,yes
20260604_160319,20260604_160319_00219,Lovac govori dugo.,ChatGPT Plus,paper_style,SN,50.0,sentence,manual_csv,data/chatgpt_plus_task16_full.csv,Lovac govori dugo.,lovac govori dugo,l o v a c g o v o r i d u g o,15,9,60.0,True,True,,3,hunspell_cli,hunspell_cli,yes,,,yes
20260604_160319,20260604_160319_00221,Golub voli glog,ChatGPT Plus,strict_plain_list,SN,50.0,sentence,manual_csv,data/chatgpt_plus_task16_full.csv,Golub voli glog,golub voli glog,g o l u b v o l i g l o g,13,10,76.92307692307693,True,True,,3,hunspell_cli,hunspell_cli,yes,,,yes
20260604_160319,20260604_160319_00223,Glog voli vlagu,ChatGPT Plus,strict_plain_list,SN,50.0,sentence,manual_csv,data/chatgpt_plus_task16_full.csv,Glog voli vlagu,glog voli vlagu,g l o g v o l i v l a g u,13,10,76.92307692307693,True,True,,3,hunspell_cli,hunspell_cli,yes,,,yes
20260604_160319,20260604_160319_00228,Golub leti dolom,ChatGPT Plus,strict_plain_list,SN,50.0,sentence,manual_csv,data/chatgpt_plus_task16_full.csv,Golub leti dolom,golub leti dolom,g o l u b l e t i d o l o m,14,7,50.0,True,True,,3,hunspell_cli,hunspell_cli,yes,,,yes
20260604_160319,20260604_160319_00231,Golub voli lovor,ChatGPT Plus,strict_plain_list,SN,50.0,sentence,manual_csv,data/chatgpt_plus_task16_full.csv,Golub voli lovor,golub voli lovor,g o l u b v o l i l o v o r,14,10,71.42857142857143,True,True,,3,hunspell_cli,hunspell_cli,yes,,,yes
20260604_160319,20260604_160319_00232,Lovor voli vlagu,ChatGPT Plus,strict_plain_list,SN,50.0,sentence,manual_csv,data/chatgpt_plus_task16_full.csv,Lovor voli vlagu,lovor voli vlagu,l o v o r v o l i v l a g u,14,10,71.42857142857143,True,True,,3,hunspell_cli,hunspell_cli,yes,,,yes
20260604_160319,20260604_160319_00236,Glog raste gol,ChatGPT Plus,strict_plain_list,SN,50.0,sentence,manual_csv,data/chatgpt_plus_task16_full.csv,Glog raste gol,glog raste gol,g l o g r a s t e g o l,12,7,58.333333333333336,True,True,,3,hunspell_cli,hunspell_cli,yes,,,yes
20260604_160319,20260604_160319_00237,Vol nosi plug,ChatGPT Plus,strict_plain_list,SN,50.0,sentence,manual_csv,data/chatgpt_plus_task16_full.csv,Vol nosi plug,vol nosi plug,v o l n o s i p l u g,11,6,54.54545454545454,True,True,,3,hunspell_cli,hunspell_cli,yes,,,yes
20260604_160319,20260604_160319_00239,Lovor dugo gori,ChatGPT Plus,strict_plain_list,SN,50.0,sentence,manual_csv,data/chatgpt_plus_task16_full.csv,Lovor dugo gori,lovor dugo gori,l o v o r d u g o g o r i,13,8,61.53846153846154,True,True,,3,hunspell_cli,hunspell_cli,yes,,,yes
20260604_160319,20260604_160319_00241,vola,ChatGPT Plus,paper_style,SN,70.0,word,manual_csv,data/chatgpt_plus_task16_full.csv,vola,vola,v o l a,4,3,75.0,True,True,,1,hunspell_cli,hunspell_cli,yes,,,yes
20260604_160319,20260604_160319_00242,volu,ChatGPT Plus,paper_style,SN,70.0,word,manual_csv,data/chatgpt_plus_task16_full.csv,volu,volu,v o l u,4,3,75.0,True,True,,1,hunspell_cli,hunspell_cli,yes,,,yes
20260604_160319,20260604_160319_00243,volom,ChatGPT Plus,paper_style,SN,70.0,word,manual_csv,data/chatgpt_plus_task16_full.csv,volom,volom,v o l o m,5,4,80.0,True,True,,1,hunspell_cli,hunspell_cli,yes,,,yes
20260604_160319,20260604_160319_00244,volovi,ChatGPT Plus,paper_style,SN,70.0,word,manual_csv,data/chatgpt_plus_task16_full.csv,volovi,volovi,v o l o v i,6,5,83.33333333333334,True,True,,1,hunspell_cli,hunspell_cli,yes,,,yes
20260604_160319,20260604_160319_00246,gola,ChatGPT Plus,paper_style,SN,70.0,word,manual_csv,data/chatgpt_plus_task16_full.csv,gola,gola,g o l a,4,3,75.0,True,True,,1,hunspell_cli,hunspell_cli,yes,,,yes
20260604_160319,20260604_160319_00248,goli,ChatGPT Plus,paper_style,SN,70.0,word,manual_csv,data/chatgpt_plus_task16_full.csv,goli,goli,g o l i,4,3,75.0,True,True,,1,hunspell_cli,hunspell_cli,yes,,,yes
20260604_160319,20260604_160319_00249,golog,ChatGPT Plus,paper_style,SN,70.0,word,manual_csv,data/chatgpt_plus_task16_full.csv,golog,golog,g o l o g,5,5,100.0,True,True,,1,hunspell_cli,hunspell_cli,yes,,,yes
20260604_160319,20260604_160319_00250,golom,ChatGPT Plus,paper_style,SN,70.0,word,manual_csv,data/chatgpt_plus_task16_full.csv,golom,golom,g o l o m,5,4,80.0,True,True,,1,hunspell_cli,hunspell_cli,yes,,,yes
20260604_160319,20260604_160319_00252,gloga,ChatGPT Plus,paper_style,SN,70.0,word,manual_csv,data/chatgpt_plus_task16_full.csv,gloga,gloga,g l o g a,5,4,80.0,True,True,,1,hunspell_cli,hunspell_cli,yes,,,yes
20260604_160319,20260604_160319_00253,glogu,ChatGPT Plus,paper_style,SN,70.0,word,manual_csv,data/chatgpt_plus_task16_full.csv,glogu,glogu,g l o g u,5,4,80.0,True,True,,1,hunspell_cli,hunspell_cli,yes,,,yes
20260604_160319,20260604_160319_00254,glogom,ChatGPT Plus,paper_style,SN,70.0,word,manual_csv,data/chatgpt_plus_task16_full.csv,glogom,glogom,g l o g o m,6,5,83.33333333333334,True,True,,1,hunspell_cli,hunspell_cli,yes,,,yes
20260604_160319,20260604_160319_00256,lova,ChatGPT Plus,paper_style,SN,70.0,word,manual_csv,data/chatgpt_plus_task16_full.csv,lova,lova,l o v a,4,3,75.0,True,True,,1,hunspell_cli,hunspell_cli,yes,,,yes
20260604_160319,20260604_160319_00257,lovu,ChatGPT Plus,paper_style,SN,70.0,word,manual_csv,data/chatgpt_plus_task16_full.csv,lovu,lovu,l o v u,4,3,75.0,True,True,,1,hunspell_cli,hunspell_cli,yes,,,yes
20260604_160319,20260604_160319_00258,lovom,ChatGPT Plus,paper_style,SN,70.0,word,manual_csv,data/chatgpt_plus_task16_full.csv,lovom,lovom,l o v o m,5,4,80.0,True,True,,1,hunspell_cli,hunspell_cli,yes,,,yes
20260604_160319,20260604_160319_00282,Vol voli lov.,ChatGPT Plus,paper_style,SN,70.0,sentence,manual_csv,data/chatgpt_plus_task16_full.csv,Vol voli lov.,vol voli lov,v o l v o l i l o v,10,9,90.0,True,True,,3,hunspell_cli,hunspell_cli,yes,,,yes
20260604_160319,20260604_160319_00302,Vol voli lovor,ChatGPT Plus,strict_plain_list,SN,70.0,sentence,manual_csv,data/chatgpt_plus_task16_full.csv,Vol voli lovor,vol voli lovor,v o l v o l i l o v o r,12,10,83.33333333333334,True,True,,3,hunspell_cli,hunspell_cli,yes,,,yes
20260604_160319,20260604_160319_00305,Gol vol voli,ChatGPT Plus,strict_plain_list,SN,70.0,sentence,manual_csv,data/chatgpt_plus_task16_full.csv,Gol vol voli,gol vol voli,g o l v o l v o l i,10,9,90.0,True,True,,3,hunspell_cli,hunspell_cli,yes,,,yes
20260604_160319,20260604_160319_00306,Gluh vol voli,ChatGPT Plus,strict_plain_list,SN,70.0,sentence,manual_csv,data/chatgpt_plus_task16_full.csv,Gluh vol voli,gluh vol voli,g l u h v o l v o l i,11,9,81.81818181818183,True,True,,3,hunspell_cli,hunspell_cli,yes,,,yes
20260604_160319,20260604_160319_00311,Vol gleda glog,ChatGPT Plus,strict_plain_list,SN,70.0,sentence,manual_csv,data/chatgpt_plus_task16_full.csv,Vol gleda glog,vol gleda glog,v o l g l e d a g l o g,12,9,75.0,True,True,,3,hunspell_cli,hunspell_cli,yes,,,yes
20260604_160319,20260604_160319_00318,Lovor gleda glog,ChatGPT Plus,strict_plain_list,SN,70.0,sentence,manual_csv,data/chatgpt_plus_task16_full.csv,Lovor gleda glog,lovor gleda glog,l o v o r g l e d a g l o g,14,10,71.42857142857143,True,True,,3,hunspell_cli,hunspell_cli,yes,,,yes
20260604_160319,20260604_160319_00320,rad,ChatGPT Plus,paper_style,S,50.0,word,manual_csv,data/chatgpt_plus_task16_full.csv,rad,rad,r a d,3,3,100.0,True,True,,1,hunspell_cli,hunspell_cli,yes,,,yes
20260604_160319,20260604_160319_00321,radar,ChatGPT Plus,paper_style,S,50.0,word,manual_csv,data/chatgpt_plus_task16_full.csv,radar,radar,r a d a r,5,5,100.0,True,True,,1,hunspell_cli,hunspell_cli,yes,,,yes
20260604_160319,20260604_160319_00322,kadar,ChatGPT Plus,paper_style,S,50.0,word,manual_csv,data/chatgpt_plus_task16_full.csv,kadar,kadar,k a d a r,5,5,100.0,True,True,,1,hunspell_cli,hunspell_cli,yes,,,yes
20260604_160319,20260604_160319_00323,ratar,ChatGPT Plus,paper_style,S,50.0,word,manual_csv,data/chatgpt_plus_task16_full.csv,ratar,ratar,r a t a r,5,4,80.0,True,True,,1,hunspell_cli,hunspell_cli,yes,,,yes
20260604_160319,20260604_160319_00324,dar,ChatGPT Plus,paper_style,S,50.0,word,manual_csv,data/chatgpt_plus_task16_full.csv,dar,dar,d a r,3,3,100.0,True,True,,1,hunspell_cli,hunspell_cli,yes,,,yes
20260604_160319,20260604_160319_00325,drag,ChatGPT Plus,paper_style,S,50.0,word,manual_csv,data/chatgpt_plus_task16_full.csv,drag,drag,d r a g,4,3,75.0,True,True,,1,hunspell_cli,hunspell_cli,yes,,,yes
20260604_160319,20260604_160319_00326,draga,ChatGPT Plus,paper_style,S,50.0,word,manual_csv,data/chatgpt_plus_task16_full.csv,draga,draga,d r a g a,5,4,80.0,True,True,,1,hunspell_cli,hunspell_cli,yes,,,yes
20260604_160319,20260604_160319_00327,draž,ChatGPT Plus,paper_style,S,50.0,word,manual_csv,data/chatgpt_plus_task16_full.csv,draž,draž,d r a ž,4,4,100.0,True,True,,1,hunspell_cli,hunspell_cli,yes,,,yes
20260604_160319,20260604_160319_00328,žar,ChatGPT Plus,paper_style,S,50.0,word,manual_csv,data/chatgpt_plus_task16_full.csv,žar,žar,ž a r,3,3,100.0,True,True,,1,hunspell_cli,hunspell_cli,yes,,,yes
20260604_160319,20260604_160319_00329,rak,ChatGPT Plus,paper_style,S,50.0,word,manual_csv,data/chatgpt_plus_task16_full.csv,rak,rak,r a k,3,3,100.0,True,True,,1,hunspell_cli,hunspell_cli,yes,,,yes
20260604_160319,20260604_160319_00330,ruka,ChatGPT Plus,paper_style,S,50.0,word,manual_csv,data/chatgpt_plus_task16_full.csv,ruka,ruka,r u k a,4,3,75.0,True,True,,1,hunspell_cli,hunspell_cli,yes,,,yes
20260604_160319,20260604_160319_00331,krak,ChatGPT Plus,paper_style,S,50.0,word,manual_csv,data/chatgpt_plus_task16_full.csv,krak,krak,k r a k,4,4,100.0,True,True,,1,hunspell_cli,hunspell_cli,yes,,,yes
20260604_160319,20260604_160319_00332,krava,ChatGPT Plus,paper_style,S,50.0,word,manual_csv,data/chatgpt_plus_task16_full.csv,krava,krava,k r a v a,5,4,80.0,True,True,,1,hunspell_cli,hunspell_cli,yes,,,yes
20260604_160319,20260604_160319_00333,dabar,ChatGPT Plus,paper_style,S,50.0,word,manual_csv,data/chatgpt_plus_task16_full.csv,dabar,dabar,d a b a r,5,4,80.0,True,True,,1,hunspell_cli,hunspell_cli,yes,,,yes
20260604_160319,20260604_160319_00334,jarak,ChatGPT Plus,paper_style,S,50.0,word,manual_csv,data/chatgpt_plus_task16_full.csv,jarak,jarak,j a r a k,5,4,80.0,True,True,,1,hunspell_cli,hunspell_cli,yes,,,yes
20260604_160319,20260604_160319_00335,karika,ChatGPT Plus,paper_style,S,50.0,word,manual_csv,data/chatgpt_plus_task16_full.csv,karika,karika,k a r i k a,6,5,83.33333333333334,True,True,,1,hunspell_cli,hunspell_cli,yes,,,yes
20260604_160319,20260604_160319_00336,karat,ChatGPT Plus,paper_style,S,50.0,word,manual_csv,data/chatgpt_plus_task16_full.csv,karat,karat,k a r a t,5,4,80.0,True,True,,1,hunspell_cli,hunspell_cli,yes,,,yes
20260604_160319,20260604_160319_00337,grad,ChatGPT Plus,paper_style,S,50.0,word,manual_csv,data/chatgpt_plus_task16_full.csv,grad,grad,g r a d,4,3,75.0,True,True,,1,hunspell_cli,hunspell_cli,yes,,,yes
20260604_160319,20260604_160319_00338,drvo,ChatGPT Plus,paper_style,S,50.0,word,manual_csv,data/chatgpt_plus_task16_full.csv,drvo,drvo,d r v o,4,2,50.0,True,True,,1,hunspell_cli,hunspell_cli,yes,,,yes
20260604_160319,20260604_160319_00339,žaba,ChatGPT Plus,paper_style,S,50.0,word,manual_csv,data/chatgpt_plus_task16_full.csv,žaba,žaba,ž a b a,4,3,75.0,True,True,,1,hunspell_cli,hunspell_cli,yes,,,yes
20260604_160319,20260604_160319_00344,raž,ChatGPT Plus,strict_plain_list,S,50.0,word,manual_csv,data/chatgpt_plus_task16_full.csv,raž,raž,r a ž,3,3,100.0,True,True,,1,hunspell_cli,hunspell_cli,yes,,,yes
20260604_160319,20260604_160319_00352,rana,ChatGPT Plus,strict_plain_list,S,50.0,word,manual_csv,data/chatgpt_plus_task16_full.csv,rana,rana,r a n a,4,3,75.0,True,True,,1,hunspell_cli,hunspell_cli,yes,,,yes
20260604_160319,20260604_160319_00358,arkada,ChatGPT Plus,strict_plain_list,S,50.0,word,manual_csv,data/chatgpt_plus_task16_full.csv,arkada,arkada,a r k a d a,6,6,100.0,True,True,,1,hunspell_cli,hunspell_cli,yes,,,yes
20260604_160319,20260604_160319_00360,Radnik rado radi.,ChatGPT Plus,paper_style,S,50.0,sentence,manual_csv,data/chatgpt_plus_task16_full.csv,Radnik rado radi.,radnik rado radi,r a d n i k r a d o r a d i,14,10,71.42857142857143,True,True,,3,hunspell_cli,hunspell_cli,yes,,,yes
20260604_160319,20260604_160319_00361,Kadar radnik radi.,ChatGPT Plus,paper_style,S,50.0,sentence,manual_csv,data/chatgpt_plus_task16_full.csv,Kadar radnik radi.,kadar radnik radi,k a d a r r a d n i k r a d i,15,12,80.0,True,True,,3,hunspell_cli,hunspell_cli,yes,,,yes
20260604_160319,20260604_160319_00362,Krava rado pase.,ChatGPT Plus,paper_style,S,50.0,sentence,manual_csv,data/chatgpt_plus_task16_full.csv,Krava rado pase.,krava rado pase,k r a v a r a d o p a s e,13,8,61.53846153846154,True,True,,3,hunspell_cli,hunspell_cli,yes,,,yes
20260604_160319,20260604_160319_00363,Vatra jako žari.,ChatGPT Plus,paper_style,S,50.0,sentence,manual_csv,data/chatgpt_plus_task16_full.csv,Vatra jako žari.,vatra jako žari,v a t r a j a k o ž a r i,13,8,61.53846153846154,True,True,,3,hunspell_cli,hunspell_cli,yes,,,yes
20260604_160319,20260604_160319_00364,Dar drag raduje.,ChatGPT Plus,paper_style,S,50.0,sentence,manual_csv,data/chatgpt_plus_task16_full.csv,Dar drag raduje.,dar drag raduje,d a r d r a g r a d u j e,13,9,69.23076923076923,True,True,,3,hunspell_cli,hunspell_cli,yes,,,yes
20260604_160319,20260604_160319_00365,Kradljivac krade dar.,ChatGPT Plus,paper_style,S,50.0,sentence,manual_csv,data/chatgpt_plus_task16_full.csv,Kradljivac krade dar.,kradljivac krade dar,k r a d lj i v a c k r a d e d a r,17,12,70.58823529411765,True,True,,3,hunspell_cli,hunspell_cli,yes,,,yes
20260604_160319,20260604_160319_00366,Ratar radi rado.,ChatGPT Plus,paper_style,S,50.0,sentence,manual_csv,data/chatgpt_plus_task16_full.csv,Ratar radi rado.,ratar radi rado,r a t a r r a d i r a d o,13,10,76.92307692307693,True,True,,3,hunspell_cli,hunspell_cli,yes,,,yes
20260604_160319,20260604_160319_00367,Dobar kadar radi.,ChatGPT Plus,paper_style,S,50.0,sentence,manual_csv,data/chatgpt_plus_task16_full.csv,Dobar kadar radi.,dobar kadar radi,d o b a r k a d a r r a d i,14,11,78.57142857142857,True,True,,3,hunspell_cli,hunspell_cli,yes,,,yes
20260604_160319,20260604_160319_00369,Radar radi danas.,ChatGPT Plus,paper_style,S,50.0,sentence,manual_csv,data/chatgpt_plus_task16_full.csv,Radar radi danas.,radar radi danas,r a d a r r a d i d a n a s,14,11,78.57142857142857,True,True,,3,hunspell_cli,hunspell_cli,yes,,,yes
20260604_160319,20260604_160319_00370,Draga rada radi.,ChatGPT Plus,paper_style,S,50.0,sentence,manual_csv,data/chatgpt_plus_task16_full.csv,Draga rada radi.,draga rada radi,d r a g a r a d a r a d i,13,11,84.61538461538461,True,True,,3,hunspell_cli,hunspell_cli,yes,,,yes
20260604_160319,20260604_160319_00371,Kadar ratar ore.,ChatGPT Plus,paper_style,S,50.0,sentence,manual_csv,data/chatgpt_plus_task16_full.csv,Kadar ratar ore.,kadar ratar ore,k a d a r r a t a r o r e,13,10,76.92307692307693,True,True,,3,hunspell_cli,hunspell_cli,yes,,,yes
20260604_160319,20260604_160319_00372,Krava daje dar.,ChatGPT Plus,paper_style,S,50.0,sentence,manual_csv,data/chatgpt_plus_task16_full.csv,Krava daje dar.,krava daje dar,k r a v a d a j e d a r,12,9,75.0,True,True,,3,hunspell_cli,hunspell_cli,yes,,,yes
20260604_160319,20260604_160319_00373,Dobar radar radi.,ChatGPT Plus,paper_style,S,50.0,sentence,manual_csv,data/chatgpt_plus_task16_full.csv,Dobar radar radi.,dobar radar radi,d o b a r r a d a r r a d i,14,11,78.57142857142857,True,True,,3,hunspell_cli,hunspell_cli,yes,,,yes
20260604_160319,20260604_160319_00374,Žar jako grije.,ChatGPT Plus,paper_style,S,50.0,sentence,manual_csv,data/chatgpt_plus_task16_full.csv,Žar jako grije.,žar jako grije,ž a r j a k o g r i j e,12,6,50.0,True,True,,3,hunspell_cli,hunspell_cli,yes,,,yes
20260604_160319,20260604_160319_00375,Rad daje dar.,ChatGPT Plus,paper_style,S,50.0,sentence,manual_csv,data/chatgpt_plus_task16_full.csv,Rad daje dar.,rad daje dar,r a d d a j e d a r,10,8,80.0,True,True,,3,hunspell_cli,hunspell_cli,yes,,,yes
20260604_160319,20260604_160319_00376,Kara rado radi.,ChatGPT Plus,paper_style,S,50.0,sentence,manual_csv,data/chatgpt_plus_task16_full.csv,Kara rado radi.,kara rado radi,k a r a r a d o r a d i,12,10,83.33333333333334,True,True,,3,hunspell_cli,hunspell_cli,yes,,,yes
20260604_160319,20260604_160319_00377,Draga krava pase.,ChatGPT Plus,paper_style,S,50.0,sentence,manual_csv,data/chatgpt_plus_task16_full.csv,Draga krava pase.,draga krava pase,d r a g a k r a v a p a s e,14,9,64.28571428571429,True,True,,3,hunspell_cli,hunspell_cli,yes,,,yes
20260604_160319,20260604_160319_00378,Ratar kopa jarak.,ChatGPT Plus,paper_style,S,50.0,sentence,manual_csv,data/chatgpt_plus_task16_full.csv,Ratar kopa jarak.,ratar kopa jarak,r a t a r k o p a j a r a k,14,10,71.42857142857143,True,True,,3,hunspell_cli,hunspell_cli,yes,,,yes
20260604_160319,20260604_160319_00379,Dabar gradi branu.,ChatGPT Plus,paper_style,S,50.0,sentence,manual_csv,data/chatgpt_plus_task16_full.csv,Dabar gradi branu.,dabar gradi branu,d a b a r g r a d i b r a n u,15,9,60.0,True,True,,3,hunspell_cli,hunspell_cli,yes,,,yes
20260604_160319,20260604_160319_00382,Kadar radi rado.,ChatGPT Plus,strict_plain_list,S,50.0,sentence,manual_csv,data/chatgpt_plus_task16_full.csv,Kadar radi rado.,kadar radi rado,k a d a r r a d i r a d o,13,11,84.61538461538461,True,True,,3,hunspell_cli,hunspell_cli,yes,,,yes
20260604_160319,20260604_160319_00383,Draga Dara radi.,ChatGPT Plus,strict_plain_list,S,50.0,sentence,manual_csv,data/chatgpt_plus_task16_full.csv,Draga Dara radi.,draga dara radi,d r a g a d a r a r a d i,13,11,84.61538461538461,True,True,,3,hunspell_cli,hunspell_cli,yes,,,yes
20260604_160319,20260604_160319_00387,Ratar daje dar.,ChatGPT Plus,strict_plain_list,S,50.0,sentence,manual_csv,data/chatgpt_plus_task16_full.csv,Ratar daje dar.,ratar daje dar,r a t a r d a j e d a r,12,9,75.0,True,True,,3,hunspell_cli,hunspell_cli,yes,,,yes
20260604_160319,20260604_160319_00388,Radnik gradi kuću.,ChatGPT Plus,strict_plain_list,S,50.0,sentence,manual_csv,data/chatgpt_plus_task16_full.csv,Radnik gradi kuću.,radnik gradi kuću,r a d n i k g r a d i k u ć u,15,8,53.333333333333336,True,True,,3,hunspell_cli,hunspell_cli,yes,,,yes
20260604_160319,20260604_160319_00390,Radar kvari rad.,ChatGPT Plus,strict_plain_list,S,50.0,sentence,manual_csv,data/chatgpt_plus_task16_full.csv,Radar kvari rad.,radar kvari rad,r a d a r k v a r i r a d,13,11,84.61538461538461,True,True,,3,hunspell_cli,hunspell_cli,yes,,,yes
20260604_160319,20260604_160319_00391,Dara daruje raka.,ChatGPT Plus,strict_plain_list,S,50.0,sentence,manual_csv,data/chatgpt_plus_task16_full.csv,Dara daruje raka.,dara daruje raka,d a r a d a r u j e r a k a,14,11,78.57142857142857,True,True,,3,hunspell_cli,hunspell_cli,yes,,,yes
20260604_160319,20260604_160319_00394,Ratar ore jarak.,ChatGPT Plus,strict_plain_list,S,50.0,sentence,manual_csv,data/chatgpt_plus_task16_full.csv,Ratar ore jarak.,ratar ore jarak,r a t a r o r e j a r a k,13,9,69.23076923076923,True,True,,3,hunspell_cli,hunspell_cli,yes,,,yes
20260604_160319,20260604_160319_00395,Drag rad raduje.,ChatGPT Plus,strict_plain_list,S,50.0,sentence,manual_csv,data/chatgpt_plus_task16_full.csv,Drag rad raduje.,drag rad raduje,d r a g r a d r a d u j e,13,9,69.23076923076923,True,True,,3,hunspell_cli,hunspell_cli,yes,,,yes
20260604_160319,20260604_160319_00396,Dara gradi grad.,ChatGPT Plus,strict_plain_list,S,50.0,sentence,manual_csv,data/chatgpt_plus_task16_full.csv,Dara gradi grad.,dara gradi grad,d a r a g r a d i g r a d,13,10,76.92307692307693,True,True,,3,hunspell_cli,hunspell_cli,yes,,,yes
20260604_160319,20260604_160319_00397,Radnik kopa kanal.,ChatGPT Plus,strict_plain_list,S,50.0,sentence,manual_csv,data/chatgpt_plus_task16_full.csv,Radnik kopa kanal.,radnik kopa kanal,r a d n i k k o p a k a n a l,15,9,60.0,True,True,,3,hunspell_cli,hunspell_cli,yes,,,yes
20260604_160319,20260604_160319_00399,Ratar krade rak.,ChatGPT Plus,strict_plain_list,S,50.0,sentence,manual_csv,data/chatgpt_plus_task16_full.csv,Ratar krade rak.,ratar krade rak,r a t a r k r a d e r a k,13,11,84.61538461538461,True,True,,3,hunspell_cli,hunspell_cli,yes,,,yes
20260604_160319,20260604_160319_00419,kara,ChatGPT Plus,paper_style,S,70.0,word,manual_csv,data/chatgpt_plus_task16_full.csv,kara,kara,k a r a,4,4,100.0,True,True,,1,hunspell_cli,hunspell_cli,yes,,,yes
20260604_160319,20260604_160319_00440,Ratar rado radi.,ChatGPT Plus,paper_style,S,70.0,sentence,manual_csv,data/chatgpt_plus_task16_full.csv,Ratar rado radi.,ratar rado radi,r a t a r r a d o r a d i,13,10,76.92307692307693,True,True,,3,hunspell_cli,hunspell_cli,yes,,,yes
20260604_160319,20260604_160319_00442,Radar rado radi.,ChatGPT Plus,paper_style,S,70.0,sentence,manual_csv,data/chatgpt_plus_task16_full.csv,Radar rado radi.,radar rado radi,r a d a r r a d o r a d i,13,11,84.61538461538461,True,True,,3,hunspell_cli,hunspell_cli,yes,,,yes
20260604_160319,20260604_160319_00443,Ratar krade dar.,ChatGPT Plus,paper_style,S,70.0,sentence,manual_csv,data/chatgpt_plus_task16_full.csv,Ratar krade dar.,ratar krade dar,r a t a r k r a d e d a r,13,11,84.61538461538461,True,True,,3,hunspell_cli,hunspell_cli,yes,,,yes
20260604_160319,20260604_160319_00444,Kadar daje dar.,ChatGPT Plus,paper_style,S,70.0,sentence,manual_csv,data/chatgpt_plus_task16_full.csv,Kadar daje dar.,kadar daje dar,k a d a r d a j e d a r,12,10,83.33333333333334,True,True,,3,hunspell_cli,hunspell_cli,yes,,,yes
20260604_160319,20260604_160319_00447,Dabar gradi radar.,ChatGPT Plus,paper_style,S,70.0,sentence,manual_csv,data/chatgpt_plus_task16_full.csv,Dabar gradi radar.,dabar gradi radar,d a b a r g r a d i r a d a r,15,12,80.0,True,True,,3,hunspell_cli,hunspell_cli,yes,,,yes
20260604_160319,20260604_160319_00448,Kadar ratar radi.,ChatGPT Plus,paper_style,S,70.0,sentence,manual_csv,data/chatgpt_plus_task16_full.csv,Kadar ratar radi.,kadar ratar radi,k a d a r r a t a r r a d i,14,12,85.71428571428571,True,True,,3,hunspell_cli,hunspell_cli,yes,,,yes
20260604_160319,20260604_160319_00449,Radar daje kadar.,ChatGPT Plus,paper_style,S,70.0,sentence,manual_csv,data/chatgpt_plus_task16_full.csv,Radar daje kadar.,radar daje kadar,r a d a r d a j e k a d a r,14,12,85.71428571428571,True,True,,3,hunspell_cli,hunspell_cli,yes,,,yes
20260604_160319,20260604_160319_00451,Draga krava radi.,ChatGPT Plus,paper_style,S,70.0,sentence,manual_csv,data/chatgpt_plus_task16_full.csv,Draga krava radi.,draga krava radi,d r a g a k r a v a r a d i,14,11,78.57142857142857,True,True,,3,hunspell_cli,hunspell_cli,yes,,,yes
20260604_160319,20260604_160319_00452,Dar raduje ratara.,ChatGPT Plus,paper_style,S,70.0,sentence,manual_csv,data/chatgpt_plus_task16_full.csv,Dar raduje ratara.,dar raduje ratara,d a r r a d u j e r a t a r a,15,11,73.33333333333333,True,True,,3,hunspell_cli,hunspell_cli,yes,,,yes
20260604_160319,20260604_160319_00453,Radnik gradi radar.,ChatGPT Plus,paper_style,S,70.0,sentence,manual_csv,data/chatgpt_plus_task16_full.csv,Radnik gradi radar.,radnik gradi radar,r a d n i k g r a d i r a d a r,16,12,75.0,True,True,,3,hunspell_cli,hunspell_cli,yes,,,yes
20260604_160319,20260604_160319_00454,Ratar radi rad.,ChatGPT Plus,paper_style,S,70.0,sentence,manual_csv,data/chatgpt_plus_task16_full.csv,Ratar radi rad.,ratar radi rad,r a t a r r a d i r a d,12,10,83.33333333333334,True,True,,3,hunspell_cli,hunspell_cli,yes,,,yes
20260604_160319,20260604_160319_00455,Kadar krade raka.,ChatGPT Plus,paper_style,S,70.0,sentence,manual_csv,data/chatgpt_plus_task16_full.csv,Kadar krade raka.,kadar krade raka,k a d a r k r a d e r a k a,14,13,92.85714285714286,True,True,,3,hunspell_cli,hunspell_cli,yes,,,yes
20260604_160319,20260604_160319_00458,Ratar gradi kadar.,ChatGPT Plus,paper_style,S,70.0,sentence,manual_csv,data/chatgpt_plus_task16_full.csv,Ratar gradi kadar.,ratar gradi kadar,r a t a r g r a d i k a d a r,15,12,80.0,True,True,,3,hunspell_cli,hunspell_cli,yes,,,yes
20260604_160319,20260604_160319_00460,Dara rado radi.,ChatGPT Plus,strict_plain_list,S,70.0,sentence,manual_csv,data/chatgpt_plus_task16_full.csv,Dara rado radi.,dara rado radi,d a r a r a d o r a d i,12,10,83.33333333333334,True,True,,3,hunspell_cli,hunspell_cli,yes,,,yes
20260604_160319,20260604_160319_00463,Kadar rado radi.,ChatGPT Plus,strict_plain_list,S,70.0,sentence,manual_csv,data/chatgpt_plus_task16_full.csv,Kadar rado radi.,kadar rado radi,k a d a r r a d o r a d i,13,11,84.61538461538461,True,True,,3,hunspell_cli,hunspell_cli,yes,,,yes
20260604_160319,20260604_160319_00464,Dara daje dar.,ChatGPT Plus,strict_plain_list,S,70.0,sentence,manual_csv,data/chatgpt_plus_task16_full.csv,Dara daje dar.,dara daje dar,d a r a d a j e d a r,11,9,81.81818181818183,True,True,,3,hunspell_cli,hunspell_cli,yes,,,yes
20260604_160319,20260604_160319_00467,Radnik radi rad.,ChatGPT Plus,strict_plain_list,S,70.0,sentence,manual_csv,data/chatgpt_plus_task16_full.csv,Radnik radi rad.,radnik radi rad,r a d n i k r a d i r a d,13,10,76.92307692307693,True,True,,3,hunspell_cli,hunspell_cli,yes,,,yes
20260604_160319,20260604_160319_00468,Dabar gradi grad.,ChatGPT Plus,strict_plain_list,S,70.0,sentence,manual_csv,data/chatgpt_plus_task16_full.csv,Dabar gradi grad.,dabar gradi grad,d a b a r g r a d i g r a d,14,10,71.42857142857143,True,True,,3,hunspell_cli,hunspell_cli,yes,,,yes
20260604_160319,20260604_160319_00477,Kadar gradi grad.,ChatGPT Plus,strict_plain_list,S,70.0,sentence,manual_csv,data/chatgpt_plus_task16_full.csv,Kadar gradi grad.,kadar gradi grad,k a d a r g r a d i g r a d,14,11,78.57142857142857,True,True,,3,hunspell_cli,hunspell_cli,yes,,,yes
20260604_160319,20260604_160319_00478,Ratar radi danas.,ChatGPT Plus,strict_plain_list,S,70.0,sentence,manual_csv,data/chatgpt_plus_task16_full.csv,Ratar radi danas.,ratar radi danas,r a t a r r a d i d a n a s,14,10,71.42857142857143,True,True,,3,hunspell_cli,hunspell_cli,yes,,,yes
20260604_160319,20260604_160319_00479,Dara kopa jarak.,ChatGPT Plus,strict_plain_list,S,70.0,sentence,manual_csv,data/chatgpt_plus_task16_full.csv,Dara kopa jarak.,dara kopa jarak,d a r a k o p a j a r a k,13,10,76.92307692307693,True,True,,3,hunspell_cli,hunspell_cli,yes,,,yes
20260604_160319,20260604_160319_00480,tečaj,ChatGPT Plus,paper_style,SV,50.0,word,manual_csv,data/chatgpt_plus_task16_full.csv,tečaj,tečaj,t e č a j,5,4,80.0,True,True,,1,hunspell_cli,hunspell_cli,yes,,,yes
20260604_160319,20260604_160319_00481,četka,ChatGPT Plus,paper_style,SV,50.0,word,manual_csv,data/chatgpt_plus_task16_full.csv,četka,četka,č e t k a,5,3,60.0,True,True,,1,hunspell_cli,hunspell_cli,yes,,,yes
20260604_160319,20260604_160319_00482,teta,ChatGPT Plus,paper_style,SV,50.0,word,manual_csv,data/chatgpt_plus_task16_full.csv,teta,teta,t e t a,4,3,75.0,True,True,,1,hunspell_cli,hunspell_cli,yes,,,yes
20260604_160319,20260604_160319_00483,četa,ChatGPT Plus,paper_style,SV,50.0,word,manual_csv,data/chatgpt_plus_task16_full.csv,četa,četa,č e t a,4,3,75.0,True,True,,1,hunspell_cli,hunspell_cli,yes,,,yes
20260604_160319,20260604_160319_00484,četvrt,ChatGPT Plus,paper_style,SV,50.0,word,manual_csv,data/chatgpt_plus_task16_full.csv,četvrt,četvrt,č e t v r t,6,4,66.66666666666666,True,True,,1,hunspell_cli,hunspell_cli,yes,,,yes
20260604_160319,20260604_160319_00485,češće,ChatGPT Plus,paper_style,SV,50.0,word,manual_csv,data/chatgpt_plus_task16_full.csv,češće,češće,č e š ć e,5,4,80.0,True,True,,1,hunspell_cli,hunspell_cli,yes,,,yes
20260604_160319,20260604_160319_00486,šetnja,ChatGPT Plus,paper_style,SV,50.0,word,manual_csv,data/chatgpt_plus_task16_full.csv,šetnja,šetnja,š e t nj a,5,3,60.0,True,True,,1,hunspell_cli,hunspell_cli,yes,,,yes
20260604_160319,20260604_160319_00487,šetati,ChatGPT Plus,paper_style,SV,50.0,word,manual_csv,data/chatgpt_plus_task16_full.csv,šetati,šetati,š e t a t i,6,4,66.66666666666666,True,True,,1,hunspell_cli,hunspell_cli,yes,,,yes
20260604_160319,20260604_160319_00488,šetalište,ChatGPT Plus,paper_style,SV,50.0,word,manual_csv,data/chatgpt_plus_task16_full.csv,šetalište,šetalište,š e t a l i š t e,9,6,66.66666666666666,True,True,,1,hunspell_cli,hunspell_cli,yes,,,yes
20260604_160319,20260604_160319_00489,šešir,ChatGPT Plus,paper_style,SV,50.0,word,manual_csv,data/chatgpt_plus_task16_full.csv,šešir,šešir,š e š i r,5,3,60.0,True,True,,1,hunspell_cli,hunspell_cli,yes,,,yes
20260604_160319,20260604_160319_00490,ječam,ChatGPT Plus,paper_style,SV,50.0,word,manual_csv,data/chatgpt_plus_task16_full.csv,ječam,ječam,j e č a m,5,3,60.0,True,True,,1,hunspell_cli,hunspell_cli,yes,,,yes
20260604_160319,20260604_160319_00491,ječati,ChatGPT Plus,paper_style,SV,50.0,word,manual_csv,data/chatgpt_plus_task16_full.csv,ječati,ječati,j e č a t i,6,4,66.66666666666666,True,True,,1,hunspell_cli,hunspell_cli,yes,,,yes
20260604_160319,20260604_160319_00492,jesti,ChatGPT Plus,paper_style,SV,50.0,word,manual_csv,data/chatgpt_plus_task16_full.csv,jesti,jesti,j e s t i,5,3,60.0,True,True,,1,hunspell_cli,hunspell_cli,yes,,,yes
20260604_160319,20260604_160319_00493,teći,ChatGPT Plus,paper_style,SV,50.0,word,manual_csv,data/chatgpt_plus_task16_full.csv,teći,teći,t e ć i,4,2,50.0,True,True,,1,hunspell_cli,hunspell_cli,yes,,,yes
20260604_160319,20260604_160319_00494,čest,ChatGPT Plus,paper_style,SV,50.0,word,manual_csv,data/chatgpt_plus_task16_full.csv,čest,čest,č e s t,4,3,75.0,True,True,,1,hunspell_cli,hunspell_cli,yes,,,yes
20260604_160319,20260604_160319_00495,čestit,ChatGPT Plus,paper_style,SV,50.0,word,manual_csv,data/chatgpt_plus_task16_full.csv,čestit,čestit,č e s t i t,6,4,66.66666666666666,True,True,,1,hunspell_cli,hunspell_cli,yes,,,yes
20260604_160319,20260604_160319_00497,dječji,ChatGPT Plus,paper_style,SV,50.0,word,manual_csv,data/chatgpt_plus_task16_full.csv,dječji,dječji,d j e č j i,6,4,66.66666666666666,True,True,,1,hunspell_cli,hunspell_cli,yes,,,yes
20260604_160319,20260604_160319_00498,dječak,ChatGPT Plus,paper_style,SV,50.0,word,manual_csv,data/chatgpt_plus_task16_full.csv,dječak,dječak,d j e č a k,6,3,50.0,True,True,,1,hunspell_cli,hunspell_cli,yes,,,yes
20260604_160319,20260604_160319_00499,tješitelj,ChatGPT Plus,paper_style,SV,50.0,word,manual_csv,data/chatgpt_plus_task16_full.csv,tješitelj,tješitelj,t j e š i t e lj,8,6,75.0,True,True,,1,hunspell_cli,hunspell_cli,yes,,,yes
20260604_160319,20260604_160319_00520,Teta šeće šetalištem.,ChatGPT Plus,paper_style,SV,50.0,sentence,manual_csv,data/chatgpt_plus_task16_full.csv,Teta šeće šetalištem.,teta šeće šetalištem,t e t a š e ć e š e t a l i š t e m,18,12,66.66666666666666,True,True,,3,hunspell_cli,hunspell_cli,yes,,,yes
20260604_160319,20260604_160319_00521,Dječje čete šetaju.,ChatGPT Plus,paper_style,SV,50.0,sentence,manual_csv,data/chatgpt_plus_task16_full.csv,Dječje čete šetaju.,dječje čete šetaju,d j e č j e č e t e š e t a j u,16,13,81.25,True,True,,3,hunspell_cli,hunspell_cli,yes,,,yes
20260604_160319,20260604_160319_00522,Ježevi jedu trešnje.,ChatGPT Plus,paper_style,SV,50.0,sentence,manual_csv,data/chatgpt_plus_task16_full.csv,Ježevi jedu trešnje.,ježevi jedu trešnje,j e ž e v i j e d u t r e š nj e,16,9,56.25,True,True,,3,hunspell_cli,hunspell_cli,yes,,,yes
20260604_160319,20260604_160319_00523,Tete šiju dječje šešire.,ChatGPT Plus,paper_style,SV,50.0,sentence,manual_csv,data/chatgpt_plus_task16_full.csv,Tete šiju dječje šešire.,tete šiju dječje šešire,t e t e š i j u d j e č j e š e š i r e,20,15,75.0,True,True,,4,hunspell_cli,hunspell_cli,yes,,,yes
20260604_160319,20260604_160319_00524,Teta čita dječje štivo.,ChatGPT Plus,paper_style,SV,50.0,sentence,manual_csv,data/chatgpt_plus_task16_full.csv,Teta čita dječje štivo.,teta čita dječje štivo,t e t a č i t a d j e č j e š t i v o,19,12,63.1578947368421,True,True,,4,hunspell_cli,hunspell_cli,yes,,,yes
20260604_160319,20260604_160319_00525,Četiri ježa šetaju.,ChatGPT Plus,paper_style,SV,50.0,sentence,manual_csv,data/chatgpt_plus_task16_full.csv,Četiri ježa šetaju.,četiri ježa šetaju,č e t i r i j e ž a š e t a j u,16,9,56.25,True,True,,3,hunspell_cli,hunspell_cli,yes,,,yes
20260604_160319,20260604_160319_00526,Tečaj traje četvrtkom.,ChatGPT Plus,paper_style,SV,50.0,sentence,manual_csv,data/chatgpt_plus_task16_full.csv,Tečaj traje četvrtkom.,tečaj traje četvrtkom,t e č a j t r a j e č e t v r t k o m,19,11,57.89473684210527,True,True,,3,hunspell_cli,hunspell_cli,yes,,,yes
20260604_160319,20260604_160319_00528,Teta je tiše čitala.,ChatGPT Plus,paper_style,SV,50.0,sentence,manual_csv,data/chatgpt_plus_task16_full.csv,Teta je tiše čitala.,teta je tiše čitala,t e t a j e t i š e č i t a l a,16,10,62.5,True,True,,4,hunspell_cli,hunspell_cli,yes,,,yes
20260604_160319,20260604_160319_00529,Dječje čete kreću.,ChatGPT Plus,paper_style,SV,50.0,sentence,manual_csv,data/chatgpt_plus_task16_full.csv,Dječje čete kreću.,dječje čete kreću,d j e č j e č e t e k r e ć u,15,10,66.66666666666666,True,True,,3,hunspell_cli,hunspell_cli,yes,,,yes
20260604_160319,20260604_160319_00530,Četka čeka čišćenje.,ChatGPT Plus,paper_style,SV,50.0,sentence,manual_csv,data/chatgpt_plus_task16_full.csv,Četka čeka čišćenje.,četka čeka čišćenje,č e t k a č e k a č i š ć e nj e,16,9,56.25,True,True,,3,hunspell_cli,hunspell_cli,yes,,,yes
20260604_160319,20260604_160319_00531,Ježevi traže trešnje.,ChatGPT Plus,paper_style,SV,50.0,sentence,manual_csv,data/chatgpt_plus_task16_full.csv,Ježevi traže trešnje.,ježevi traže trešnje,j e ž e v i t r a ž e t r e š nj e,17,9,52.94117647058824,True,True,,3,hunspell_cli,hunspell_cli,yes,,,yes
20260604_160319,20260604_160319_00532,Šetnje često tješe tetu.,ChatGPT Plus,paper_style,SV,50.0,sentence,manual_csv,data/chatgpt_plus_task16_full.csv,Šetnje često tješe tetu.,šetnje često tješe tetu,š e t nj e č e s t o t j e š e t e t u,19,15,78.94736842105263,True,True,,4,hunspell_cli,hunspell_cli,yes,,,yes
20260604_160319,20260604_160319_00533,Teta je češće šetala.,ChatGPT Plus,paper_style,SV,50.0,sentence,manual_csv,data/chatgpt_plus_task16_full.csv,Teta je češće šetala.,teta je češće šetala,t e t a j e č e š ć e š e t a l a,17,12,70.58823529411765,True,True,,4,hunspell_cli,hunspell_cli,yes,,,yes
20260604_160319,20260604_160319_00534,Dječje trešnje teže.,ChatGPT Plus,paper_style,SV,50.0,sentence,manual_csv,data/chatgpt_plus_task16_full.csv,Dječje trešnje teže.,dječje trešnje teže,d j e č j e t r e š nj e t e ž e,16,12,75.0,True,True,,3,hunspell_cli,hunspell_cli,yes,,,yes
20260604_160319,20260604_160319_00535,Tješitelj tješi dječaka.,ChatGPT Plus,paper_style,SV,50.0,sentence,manual_csv,data/chatgpt_plus_task16_full.csv,Tješitelj tješi dječaka.,tješitelj tješi dječaka,t j e š i t e lj t j e š i d j e č a k a,20,13,65.0,True,True,,3,hunspell_cli,hunspell_cli,yes,,,yes
20260604_160319,20260604_160319_00536,Čete teže šetaju.,ChatGPT Plus,paper_style,SV,50.0,sentence,manual_csv,data/chatgpt_plus_task16_full.csv,Čete teže šetaju.,čete teže šetaju,č e t e t e ž e š e t a j u,14,11,78.57142857142857,True,True,,3,hunspell_cli,hunspell_cli,yes,,,yes
20260604_160319,20260604_160319_00537,Šetač čeka četvrtak.,ChatGPT Plus,paper_style,SV,50.0,sentence,manual_csv,data/chatgpt_plus_task16_full.csv,Šetač čeka četvrtak.,šetač čeka četvrtak,š e t a č č e k a č e t v r t a k,17,10,58.82352941176471,True,True,,3,hunspell_cli,hunspell_cli,yes,,,yes
20260604_160319,20260604_160319_00538,Teta čeka tečaj,ChatGPT Plus,strict_plain_list,SV,50.0,sentence,manual_csv,data/chatgpt_plus_task16_full.csv,Teta čeka tečaj,teta čeka tečaj,t e t a č e k a t e č a j,13,9,69.23076923076923,True,True,,3,hunspell_cli,hunspell_cli,yes,,,yes
20260604_160319,20260604_160319_00539,Tete često šeću,ChatGPT Plus,strict_plain_list,SV,50.0,sentence,manual_csv,data/chatgpt_plus_task16_full.csv,Tete često šeću,tete često šeću,t e t e č e s t o š e ć u,13,9,69.23076923076923,True,True,,3,hunspell_cli,hunspell_cli,yes,,,yes
20260604_160319,20260604_160319_00540,Čete tiše šute,ChatGPT Plus,strict_plain_list,SV,50.0,sentence,manual_csv,data/chatgpt_plus_task16_full.csv,Čete tiše šute,čete tiše šute,č e t e t i š e š u t e,12,10,83.33333333333334,True,True,,3,hunspell_cli,hunspell_cli,yes,,,yes
20260604_160319,20260604_160319_00541,Dječje čete šeću,ChatGPT Plus,strict_plain_list,SV,50.0,sentence,manual_csv,data/chatgpt_plus_task16_full.csv,Dječje čete šeću,dječje čete šeću,d j e č j e č e t e š e ć u,14,11,78.57142857142857,True,True,,3,hunspell_cli,hunspell_cli,yes,,,yes
20260604_160319,20260604_160319_00542,Teta tješi dječaka,ChatGPT Plus,strict_plain_list,SV,50.0,sentence,manual_csv,data/chatgpt_plus_task16_full.csv,Teta tješi dječaka,teta tješi dječaka,t e t a t j e š i d j e č a k a,16,10,62.5,True,True,,3,hunspell_cli,hunspell_cli,yes,,,yes
20260604_160319,20260604_160319_00543,Četke čiste šešire,ChatGPT Plus,strict_plain_list,SV,50.0,sentence,manual_csv,data/chatgpt_plus_task16_full.csv,Četke čiste šešire,četke čiste šešire,č e t k e č i s t e š e š i r e,16,11,68.75,True,True,,3,hunspell_cli,hunspell_cli,yes,,,yes
20260604_160319,20260604_160319_00544,Šetač čeka tetu,ChatGPT Plus,strict_plain_list,SV,50.0,sentence,manual_csv,data/chatgpt_plus_task16_full.csv,Šetač čeka tetu,šetač čeka tetu,š e t a č č e k a t e t u,13,9,69.23076923076923,True,True,,3,hunspell_cli,hunspell_cli,yes,,,yes
20260604_160319,20260604_160319_00546,Tete čitaju štivo,ChatGPT Plus,strict_plain_list,SV,50.0,sentence,manual_csv,data/chatgpt_plus_task16_full.csv,Tete čitaju štivo,tete čitaju štivo,t e t e č i t a j u š t i v o,15,9,60.0,True,True,,3,hunspell_cli,hunspell_cli,yes,,,yes
20260604_160319,20260604_160319_00547,Dječak češće čita,ChatGPT Plus,strict_plain_list,SV,50.0,sentence,manual_csv,data/chatgpt_plus_task16_full.csv,Dječak češće čita,dječak češće čita,d j e č a k č e š ć e č i t a,15,9,60.0,True,True,,3,hunspell_cli,hunspell_cli,yes,,,yes
20260604_160319,20260604_160319_00548,Čete teško teku,ChatGPT Plus,strict_plain_list,SV,50.0,sentence,manual_csv,data/chatgpt_plus_task16_full.csv,Čete teško teku,čete teško teku,č e t e t e š k o t e k u,13,9,69.23076923076923,True,True,,3,hunspell_cli,hunspell_cli,yes,,,yes
20260604_160319,20260604_160319_00549,Šetnje često tješe,ChatGPT Plus,strict_plain_list,SV,50.0,sentence,manual_csv,data/chatgpt_plus_task16_full.csv,Šetnje često tješe,šetnje često tješe,š e t nj e č e s t o t j e š e,15,12,80.0,True,True,,3,hunspell_cli,hunspell_cli,yes,,,yes
20260604_160319,20260604_160319_00551,Teta šije šešir,ChatGPT Plus,strict_plain_list,SV,50.0,sentence,manual_csv,data/chatgpt_plus_task16_full.csv,Teta šije šešir,teta šije šešir,t e t a š i j e š e š i r,13,9,69.23076923076923,True,True,,3,hunspell_cli,hunspell_cli,yes,,,yes
20260604_160319,20260604_160319_00552,Četke čekaju čišćenje,ChatGPT Plus,strict_plain_list,SV,50.0,sentence,manual_csv,data/chatgpt_plus_task16_full.csv,Četke čekaju čišćenje,četke čekaju čišćenje,č e t k e č e k a j u č i š ć e nj e,18,11,61.111111111111114,True,True,,3,hunspell_cli,hunspell_cli,yes,,,yes
20260604_160319,20260604_160319_00553,Tješitelj tješi tetu,ChatGPT Plus,strict_plain_list,SV,50.0,sentence,manual_csv,data/chatgpt_plus_task16_full.csv,Tješitelj tješi tetu,tješitelj tješi tetu,t j e š i t e lj t j e š i t e t u,17,13,76.47058823529412,True,True,,3,hunspell_cli,hunspell_cli,yes,,,yes
20260604_160319,20260604_160319_00555,Dječje štivo teče,ChatGPT Plus,strict_plain_list,SV,50.0,sentence,manual_csv,data/chatgpt_plus_task16_full.csv,Dječje štivo teče,dječje štivo teče,d j e č j e š t i v o t e č e,15,11,73.33333333333333,True,True,,3,hunspell_cli,hunspell_cli,yes,,,yes
20260604_160319,20260604_160319_00556,Čete često ječe,ChatGPT Plus,strict_plain_list,SV,50.0,sentence,manual_csv,data/chatgpt_plus_task16_full.csv,Čete često ječe,čete često ječe,č e t e č e s t o j e č e,13,11,84.61538461538461,True,True,,3,hunspell_cli,hunspell_cli,yes,,,yes
20260604_160319,20260604_160319_00558,tete,ChatGPT Plus,paper_style,SV,70.0,word,manual_csv,data/chatgpt_plus_task16_full.csv,tete,tete,t e t e,4,4,100.0,True,True,,1,hunspell_cli,hunspell_cli,yes,,,yes
20260604_160319,20260604_160319_00560,čete,ChatGPT Plus,paper_style,SV,70.0,word,manual_csv,data/chatgpt_plus_task16_full.csv,čete,čete,č e t e,4,4,100.0,True,True,,1,hunspell_cli,hunspell_cli,yes,,,yes
20260604_160319,20260604_160319_00561,teče,ChatGPT Plus,paper_style,SV,70.0,word,manual_csv,data/chatgpt_plus_task16_full.csv,teče,teče,t e č e,4,4,100.0,True,True,,1,hunspell_cli,hunspell_cli,yes,,,yes
20260604_160319,20260604_160319_00564,četke,ChatGPT Plus,paper_style,SV,70.0,word,manual_csv,data/chatgpt_plus_task16_full.csv,četke,četke,č e t k e,5,4,80.0,True,True,,1,hunspell_cli,hunspell_cli,yes,,,yes
20260604_160319,20260604_160319_00565,šeta,ChatGPT Plus,paper_style,SV,70.0,word,manual_csv,data/chatgpt_plus_task16_full.csv,šeta,šeta,š e t a,4,3,75.0,True,True,,1,hunspell_cli,hunspell_cli,yes,,,yes
20260604_160319,20260604_160319_00566,šetnje,ChatGPT Plus,paper_style,SV,70.0,word,manual_csv,data/chatgpt_plus_task16_full.csv,šetnje,šetnje,š e t nj e,5,4,80.0,True,True,,1,hunspell_cli,hunspell_cli,yes,,,yes
20260604_160319,20260604_160319_00568,tješi,ChatGPT Plus,paper_style,SV,70.0,word,manual_csv,data/chatgpt_plus_task16_full.csv,tješi,tješi,t j e š i,5,4,80.0,True,True,,1,hunspell_cli,hunspell_cli,yes,,,yes
20260604_160319,20260604_160319_00569,tješe,ChatGPT Plus,paper_style,SV,70.0,word,manual_csv,data/chatgpt_plus_task16_full.csv,tješe,tješe,t j e š e,5,5,100.0,True,True,,1,hunspell_cli,hunspell_cli,yes,,,yes
20260604_160319,20260604_160319_00570,tješiti,ChatGPT Plus,paper_style,SV,70.0,word,manual_csv,data/chatgpt_plus_task16_full.csv,tješiti,tješiti,t j e š i t i,7,5,71.42857142857143,True,True,,1,hunspell_cli,hunspell_cli,yes,,,yes
20260604_160319,20260604_160319_00597,Tete tješe čete.,ChatGPT Plus,paper_style,SV,70.0,sentence,manual_csv,data/chatgpt_plus_task16_full.csv,Tete tješe čete.,tete tješe čete,t e t e t j e š e č e t e,13,13,100.0,True,True,,3,hunspell_cli,hunspell_cli,yes,,,yes
20260604_160319,20260604_160319_00598,Čete teže teku.,ChatGPT Plus,paper_style,SV,70.0,sentence,manual_csv,data/chatgpt_plus_task16_full.csv,Čete teže teku.,čete teže teku,č e t e t e ž e t e k u,12,9,75.0,True,True,,3,hunspell_cli,hunspell_cli,yes,,,yes
20260604_160319,20260604_160319_00600,Teta tješi dječje čete.,ChatGPT Plus,paper_style,SV,70.0,sentence,manual_csv,data/chatgpt_plus_task16_full.csv,Teta tješi dječje čete.,teta tješi dječje čete,t e t a t j e š i d j e č j e č e t e,19,16,84.21052631578947,True,True,,4,hunspell_cli,hunspell_cli,yes,,,yes
20260604_160319,20260604_160319_00601,Dječje čete teže.,ChatGPT Plus,paper_style,SV,70.0,sentence,manual_csv,data/chatgpt_plus_task16_full.csv,Dječje čete teže.,dječje čete teže,d j e č j e č e t e t e ž e,14,12,85.71428571428571,True,True,,3,hunspell_cli,hunspell_cli,yes,,,yes
20260604_160319,20260604_160319_00605,Čete šute češće.,ChatGPT Plus,paper_style,SV,70.0,sentence,manual_csv,data/chatgpt_plus_task16_full.csv,Čete šute češće.,čete šute češće,č e t e š u t e č e š ć e,13,11,84.61538461538461,True,True,,3,hunspell_cli,hunspell_cli,yes,,,yes
20260604_160319,20260604_160319_00607,Tete šeću tiše.,ChatGPT Plus,paper_style,SV,70.0,sentence,manual_csv,data/chatgpt_plus_task16_full.csv,Tete šeću tiše.,tete šeću tiše,t e t e š e ć u t i š e,12,9,75.0,True,True,,3,hunspell_cli,hunspell_cli,yes,,,yes
20260604_160319,20260604_160319_00608,Štetne četke teže.,ChatGPT Plus,paper_style,SV,70.0,sentence,manual_csv,data/chatgpt_plus_task16_full.csv,Štetne četke teže.,štetne četke teže,š t e t n e č e t k e t e ž e,15,12,80.0,True,True,,3,hunspell_cli,hunspell_cli,yes,,,yes
20260604_160319,20260604_160319_00610,Teta češće šije.,ChatGPT Plus,paper_style,SV,70.0,sentence,manual_csv,data/chatgpt_plus_task16_full.csv,Teta češće šije.,teta češće šije,t e t a č e š ć e š i j e,13,10,76.92307692307693,True,True,,3,hunspell_cli,hunspell_cli,yes,,,yes
20260604_160319,20260604_160319_00612,Četvrt je tiše.,ChatGPT Plus,paper_style,SV,70.0,sentence,manual_csv,data/chatgpt_plus_task16_full.csv,Četvrt je tiše.,četvrt je tiše,č e t v r t j e t i š e,12,9,75.0,True,True,,3,hunspell_cli,hunspell_cli,yes,,,yes
20260604_160319,20260604_160319_00614,Tečaj tješi tetu.,ChatGPT Plus,paper_style,SV,70.0,sentence,manual_csv,data/chatgpt_plus_task16_full.csv,Tečaj tješi tetu.,tečaj tješi tetu,t e č a j t j e š i t e t u,14,11,78.57142857142857,True,True,,3,hunspell_cli,hunspell_cli,yes,,,yes
20260604_160319,20260604_160319_00615,Teta teče šetalištem.,ChatGPT Plus,paper_style,SV,70.0,sentence,manual_csv,data/chatgpt_plus_task16_full.csv,Teta teče šetalištem.,teta teče šetalištem,t e t a t e č e š e t a l i š t e m,18,13,72.22222222222221,True,True,,3,hunspell_cli,hunspell_cli,yes,,,yes
20260604_160319,20260604_160319_00616,Dječje čete šute.,ChatGPT Plus,paper_style,SV,70.0,sentence,manual_csv,data/chatgpt_plus_task16_full.csv,Dječje čete šute.,dječje čete šute,d j e č j e č e t e š u t e,14,12,85.71428571428571,True,True,,3,hunspell_cli,hunspell_cli,yes,,,yes
20260604_160319,20260604_160319_00618,Čete često šute,ChatGPT Plus,strict_plain_list,SV,70.0,sentence,manual_csv,data/chatgpt_plus_task16_full.csv,Čete često šute,čete često šute,č e t e č e s t o š u t e,13,10,76.92307692307693,True,True,,3,hunspell_cli,hunspell_cli,yes,,,yes
20260604_160319,20260604_160319_00622,Tečaj teče češće,ChatGPT Plus,strict_plain_list,SV,70.0,sentence,manual_csv,data/chatgpt_plus_task16_full.csv,Tečaj teče češće,tečaj teče češće,t e č a j t e č e č e š ć e,14,12,85.71428571428571,True,True,,3,hunspell_cli,hunspell_cli,yes,,,yes
20260604_160319,20260604_160319_00623,Teta tješi tetu,ChatGPT Plus,strict_plain_list,SV,70.0,sentence,manual_csv,data/chatgpt_plus_task16_full.csv,Teta tješi tetu,teta tješi tetu,t e t a t j e š i t e t u,13,10,76.92307692307693,True,True,,3,hunspell_cli,hunspell_cli,yes,,,yes
20260604_160319,20260604_160319_00624,Tete češće šetaju,ChatGPT Plus,strict_plain_list,SV,70.0,sentence,manual_csv,data/chatgpt_plus_task16_full.csv,Tete češće šetaju,tete češće šetaju,t e t e č e š ć e š e t a j u,15,12,80.0,True,True,,3,hunspell_cli,hunspell_cli,yes,,,yes
20260604_160319,20260604_160319_00625,Čete tiše teku,ChatGPT Plus,strict_plain_list,SV,70.0,sentence,manual_csv,data/chatgpt_plus_task16_full.csv,Čete tiše teku,čete tiše teku,č e t e t i š e t e k u,12,9,75.0,True,True,,3,hunspell_cli,hunspell_cli,yes,,,yes
20260604_160319,20260604_160319_00627,Tete čiste četke,ChatGPT Plus,strict_plain_list,SV,70.0,sentence,manual_csv,data/chatgpt_plus_task16_full.csv,Tete čiste četke,tete čiste četke,t e t e č i s t e č e t k e,14,11,78.57142857142857,True,True,,3,hunspell_cli,hunspell_cli,yes,,,yes
20260604_160319,20260604_160319_00629,Četke često teže,ChatGPT Plus,strict_plain_list,SV,70.0,sentence,manual_csv,data/chatgpt_plus_task16_full.csv,Četke često teže,četke često teže,č e t k e č e s t o t e ž e,14,10,71.42857142857143,True,True,,3,hunspell_cli,hunspell_cli,yes,,,yes
20260604_160319,20260604_160319_00632,Tete šute češće,ChatGPT Plus,strict_plain_list,SV,70.0,sentence,manual_csv,data/chatgpt_plus_task16_full.csv,Tete šute češće,tete šute češće,t e t e š u t e č e š ć e,13,11,84.61538461538461,True,True,,3,hunspell_cli,hunspell_cli,yes,,,yes
20260604_160319,20260604_160319_00637,sir,ChatGPT Plus,paper_style,V,50.0,word,manual_csv,data/chatgpt_plus_task16_full.csv,sir,sir,s i r,3,2,66.66666666666666,True,True,,1,hunspell_cli,hunspell_cli,yes,,,yes
20260604_160319,20260604_160319_00638,siv,ChatGPT Plus,paper_style,V,50.0,word,manual_csv,data/chatgpt_plus_task16_full.csv,siv,siv,s i v,3,2,66.66666666666666,True,True,,1,hunspell_cli,hunspell_cli,yes,,,yes
20260604_160319,20260604_160319_00639,sivi,ChatGPT Plus,paper_style,V,50.0,word,manual_csv,data/chatgpt_plus_task16_full.csv,sivi,sivi,s i v i,4,3,75.0,True,True,,1,hunspell_cli,hunspell_cli,yes,,,yes
20260604_160319,20260604_160319_00640,sin,ChatGPT Plus,paper_style,V,50.0,word,manual_csv,data/chatgpt_plus_task16_full.csv,sin,sin,s i n,3,2,66.66666666666666,True,True,,1,hunspell_cli,hunspell_cli,yes,,,yes
20260604_160319,20260604_160319_00641,sine,ChatGPT Plus,paper_style,V,50.0,word,manual_csv,data/chatgpt_plus_task16_full.csv,sine,sine,s i n e,4,2,50.0,True,True,,1,hunspell_cli,hunspell_cli,yes,,,yes
20260604_160319,20260604_160319_00642,sinu,ChatGPT Plus,paper_style,V,50.0,word,manual_csv,data/chatgpt_plus_task16_full.csv,sinu,sinu,s i n u,4,2,50.0,True,True,,1,hunspell_cli,hunspell_cli,yes,,,yes
20260604_160319,20260604_160319_00643,zec,ChatGPT Plus,paper_style,V,50.0,word,manual_csv,data/chatgpt_plus_task16_full.csv,zec,zec,z e c,3,2,66.66666666666666,True,True,,1,hunspell_cli,hunspell_cli,yes,,,yes
20260604_160319,20260604_160319_00644,zeca,ChatGPT Plus,paper_style,V,50.0,word,manual_csv,data/chatgpt_plus_task16_full.csv,zeca,zeca,z e c a,4,2,50.0,True,True,,1,hunspell_cli,hunspell_cli,yes,,,yes
20260604_160319,20260604_160319_00645,zecu,ChatGPT Plus,paper_style,V,50.0,word,manual_csv,data/chatgpt_plus_task16_full.csv,zecu,zecu,z e c u,4,2,50.0,True,True,,1,hunspell_cli,hunspell_cli,yes,,,yes
20260604_160319,20260604_160319_00646,zid,ChatGPT Plus,paper_style,V,50.0,word,manual_csv,data/chatgpt_plus_task16_full.csv,zid,zid,z i d,3,2,66.66666666666666,True,True,,1,hunspell_cli,hunspell_cli,yes,,,yes
20260604_160319,20260604_160319_00647,zidu,ChatGPT Plus,paper_style,V,50.0,word,manual_csv,data/chatgpt_plus_task16_full.csv,zidu,zidu,z i d u,4,2,50.0,True,True,,1,hunspell_cli,hunspell_cli,yes,,,yes
20260604_160319,20260604_160319_00648,niz,ChatGPT Plus,paper_style,V,50.0,word,manual_csv,data/chatgpt_plus_task16_full.csv,niz,niz,n i z,3,2,66.66666666666666,True,True,,1,hunspell_cli,hunspell_cli,yes,,,yes
20260604_160319,20260604_160319_00649,sisa,ChatGPT Plus,paper_style,V,50.0,word,manual_csv,data/chatgpt_plus_task16_full.csv,sisa,sisa,s i s a,4,3,75.0,True,True,,1,hunspell_cli,hunspell_cli,yes,,,yes
20260604_160319,20260604_160319_00650,sisati,ChatGPT Plus,paper_style,V,50.0,word,manual_csv,data/chatgpt_plus_task16_full.csv,sisati,sisati,s i s a t i,6,4,66.66666666666666,True,True,,1,hunspell_cli,hunspell_cli,yes,,,yes
20260604_160319,20260604_160319_00651,sisavac,ChatGPT Plus,paper_style,V,50.0,word,manual_csv,data/chatgpt_plus_task16_full.csv,sisavac,sisavac,s i s a v a c,7,4,57.14285714285714,True,True,,1,hunspell_cli,hunspell_cli,yes,,,yes
20260604_160319,20260604_160319_00652,cica,ChatGPT Plus,paper_style,V,50.0,word,manual_csv,data/chatgpt_plus_task16_full.csv,cica,cica,c i c a,4,3,75.0,True,True,,1,hunspell_cli,hunspell_cli,yes,,,yes
20260604_160319,20260604_160319_00653,cika,ChatGPT Plus,paper_style,V,50.0,word,manual_csv,data/chatgpt_plus_task16_full.csv,cika,cika,c i k a,4,2,50.0,True,True,,1,hunspell_cli,hunspell_cli,yes,,,yes
20260604_160319,20260604_160319_00654,sit,ChatGPT Plus,paper_style,V,50.0,word,manual_csv,data/chatgpt_plus_task16_full.csv,sit,sit,s i t,3,2,66.66666666666666,True,True,,1,hunspell_cli,hunspell_cli,yes,,,yes
20260604_160319,20260604_160319_00655,siti,ChatGPT Plus,paper_style,V,50.0,word,manual_csv,data/chatgpt_plus_task16_full.csv,siti,siti,s i t i,4,3,75.0,True,True,,1,hunspell_cli,hunspell_cli,yes,,,yes
20260604_160319,20260604_160319_00656,sito,ChatGPT Plus,paper_style,V,50.0,word,manual_csv,data/chatgpt_plus_task16_full.csv,sito,sito,s i t o,4,2,50.0,True,True,,1,hunspell_cli,hunspell_cli,yes,,,yes
20260604_160319,20260604_160319_00671,ciku,ChatGPT Plus,strict_plain_list,V,50.0,word,manual_csv,data/chatgpt_plus_task16_full.csv,ciku,ciku,c i k u,4,2,50.0,True,True,,1,hunspell_cli,hunspell_cli,yes,,,yes
20260604_160319,20260604_160319_00675,cijediti,ChatGPT Plus,strict_plain_list,V,50.0,word,manual_csv,data/chatgpt_plus_task16_full.csv,cijediti,cijediti,c i j e d i t i,8,4,50.0,True,True,,1,hunspell_cli,hunspell_cli,yes,,,yes
20260604_160319,20260604_160319_00677,Sivi zec sjedi.,ChatGPT Plus,paper_style,V,50.0,sentence,manual_csv,data/chatgpt_plus_task16_full.csv,Sivi zec sjedi.,sivi zec sjedi,s i v i z e c s j e d i,12,7,58.333333333333336,True,True,,3,hunspell_cli,hunspell_cli,yes,,,yes
20260604_160319,20260604_160319_00678,Sivi zec zijeva.,ChatGPT Plus,paper_style,V,50.0,sentence,manual_csv,data/chatgpt_plus_task16_full.csv,Sivi zec zijeva.,sivi zec zijeva,s i v i z e c z i j e v a,13,7,53.84615384615385,True,True,,3,hunspell_cli,hunspell_cli,yes,,,yes
20260604_160319,20260604_160319_00680,Sivi zec visi.,ChatGPT Plus,paper_style,V,50.0,sentence,manual_csv,data/chatgpt_plus_task16_full.csv,Sivi zec visi.,sivi zec visi,s i v i z e c v i s i,11,8,72.72727272727273,True,True,,3,hunspell_cli,hunspell_cli,yes,,,yes
20260604_160319,20260604_160319_00681,Zec nosi sir.,ChatGPT Plus,paper_style,V,50.0,sentence,manual_csv,data/chatgpt_plus_task16_full.csv,Zec nosi sir.,zec nosi sir,z e c n o s i s i r,10,6,60.0,True,True,,3,hunspell_cli,hunspell_cli,yes,,,yes
20260604_160319,20260604_160319_00683,Zec cijedi sok.,ChatGPT Plus,paper_style,V,50.0,sentence,manual_csv,data/chatgpt_plus_task16_full.csv,Zec cijedi sok.,zec cijedi sok,z e c c i j e d i s o k,12,6,50.0,True,True,,3,hunspell_cli,hunspell_cli,yes,,,yes
20260604_160319,20260604_160319_00684,Sivi pas sjedi.,ChatGPT Plus,paper_style,V,50.0,sentence,manual_csv,data/chatgpt_plus_task16_full.csv,Sivi pas sjedi.,sivi pas sjedi,s i v i p a s s j e d i,12,6,50.0,True,True,,3,hunspell_cli,hunspell_cli,yes,,,yes
20260604_160319,20260604_160319_00685,Pas nosi sir.,ChatGPT Plus,paper_style,V,50.0,sentence,manual_csv,data/chatgpt_plus_task16_full.csv,Pas nosi sir.,pas nosi sir,p a s n o s i s i r,10,5,50.0,True,True,,3,hunspell_cli,hunspell_cli,yes,,,yes
20260604_160319,20260604_160319_00686,Sivi psi sjede.,ChatGPT Plus,paper_style,V,50.0,sentence,manual_csv,data/chatgpt_plus_task16_full.csv,Sivi psi sjede.,sivi psi sjede,s i v i p s i s j e d e,12,6,50.0,True,True,,3,hunspell_cli,hunspell_cli,yes,,,yes
20260604_160319,20260604_160319_00687,Cici zec skače.,ChatGPT Plus,paper_style,V,50.0,sentence,manual_csv,data/chatgpt_plus_task16_full.csv,Cici zec skače.,cici zec skače,c i c i z e c s k a č e,12,7,58.333333333333336,True,True,,3,hunspell_cli,hunspell_cli,yes,,,yes
20260604_160319,20260604_160319_00688,Sisa sin cicu.,ChatGPT Plus,paper_style,V,50.0,sentence,manual_csv,data/chatgpt_plus_task16_full.csv,Sisa sin cicu.,sisa sin cicu,s i s a s i n c i c u,11,8,72.72727272727273,True,True,,3,hunspell_cli,hunspell_cli,yes,,,yes
20260604_160319,20260604_160319_00689,Sivi sin čisti.,ChatGPT Plus,paper_style,V,50.0,sentence,manual_csv,data/chatgpt_plus_task16_full.csv,Sivi sin čisti.,sivi sin čisti,s i v i s i n č i s t i,12,8,66.66666666666666,True,True,,3,hunspell_cli,hunspell_cli,yes,,,yes
20260604_160319,20260604_160319_00690,Zec čisti zube.,ChatGPT Plus,paper_style,V,50.0,sentence,manual_csv,data/chatgpt_plus_task16_full.csv,Zec čisti zube.,zec čisti zube,z e c č i s t i z u b e,12,6,50.0,True,True,,3,hunspell_cli,hunspell_cli,yes,,,yes
20260604_160319,20260604_160319_00691,Sivi zec skici.,ChatGPT Plus,paper_style,V,50.0,sentence,manual_csv,data/chatgpt_plus_task16_full.csv,Sivi zec skici.,sivi zec skici,s i v i z e c s k i c i,12,9,75.0,True,True,,3,hunspell_cli,hunspell_cli,yes,,,yes
20260604_160319,20260604_160319_00693,Sivi psi cvile.,ChatGPT Plus,paper_style,V,50.0,sentence,manual_csv,data/chatgpt_plus_task16_full.csv,Sivi psi cvile.,sivi psi cvile,s i v i p s i c v i l e,12,7,58.333333333333336,True,True,,3,hunspell_cli,hunspell_cli,yes,,,yes
20260604_160319,20260604_160319_00694,Zec sisa ciku.,ChatGPT Plus,paper_style,V,50.0,sentence,manual_csv,data/chatgpt_plus_task16_full.csv,Zec sisa ciku.,zec sisa ciku,z e c s i s a c i k u,11,7,63.63636363636363,True,True,,3,hunspell_cli,hunspell_cli,yes,,,yes
20260604_160319,20260604_160319_00695,Cica nosi sir.,ChatGPT Plus,paper_style,V,50.0,sentence,manual_csv,data/chatgpt_plus_task16_full.csv,Cica nosi sir.,cica nosi sir,c i c a n o s i s i r,11,7,63.63636363636363,True,True,,3,hunspell_cli,hunspell_cli,yes,,,yes
20260604_160319,20260604_160319_00702,Zec sjedi niz zid,ChatGPT Plus,strict_plain_list,V,50.0,sentence,manual_csv,data/chatgpt_plus_task16_full.csv,Zec sjedi niz zid,zec sjedi niz zid,z e c s j e d i n i z z i d,14,8,57.14285714285714,True,True,,4,hunspell_cli,hunspell_cli,yes,,,yes
20260604_160319,20260604_160319_00707,Sin sisa ciku,ChatGPT Plus,strict_plain_list,V,50.0,sentence,manual_csv,data/chatgpt_plus_task16_full.csv,Sin sisa ciku,sin sisa ciku,s i n s i s a c i k u,11,7,63.63636363636363,True,True,,3,hunspell_cli,hunspell_cli,yes,,,yes
20260604_160319,20260604_160319_00710,Sin cijedi sok,ChatGPT Plus,strict_plain_list,V,50.0,sentence,manual_csv,data/chatgpt_plus_task16_full.csv,Sin cijedi sok,sin cijedi sok,s i n c i j e d i s o k,12,6,50.0,True,True,,3,hunspell_cli,hunspell_cli,yes,,,yes
20260604_160319,20260604_160319_00713,Sivi sin sjedi,ChatGPT Plus,strict_plain_list,V,50.0,sentence,manual_csv,data/chatgpt_plus_task16_full.csv,Sivi sin sjedi,sivi sin sjedi,s i v i s i n s j e d i,12,7,58.333333333333336,True,True,,3,hunspell_cli,hunspell_cli,yes,,,yes
20260604_160319,20260604_160319_00715,Zec sisa cicu,ChatGPT Plus,strict_plain_list,V,50.0,sentence,manual_csv,data/chatgpt_plus_task16_full.csv,Zec sisa cicu,zec sisa cicu,z e c s i s a c i c u,11,8,72.72727272727273,True,True,,3,hunspell_cli,hunspell_cli,yes,,,yes
20260604_160319,20260604_160319_00716,Sivi zec siđe,ChatGPT Plus,strict_plain_list,V,50.0,sentence,manual_csv,data/chatgpt_plus_task16_full.csv,Sivi zec siđe,sivi zec siđe,s i v i z e c s i đ e,11,7,63.63636363636363,True,True,,3,hunspell_cli,hunspell_cli,yes,,,yes
20260604_160319,20260604_160319_00727,sisi,ChatGPT Plus,paper_style,V,70.0,word,manual_csv,data/chatgpt_plus_task16_full.csv,sisi,sisi,s i s i,4,4,100.0,True,True,,1,hunspell_cli,hunspell_cli,yes,,,yes
20260604_160319,20260604_160319_00728,sisu,ChatGPT Plus,paper_style,V,70.0,word,manual_csv,data/chatgpt_plus_task16_full.csv,sisu,sisu,s i s u,4,3,75.0,True,True,,1,hunspell_cli,hunspell_cli,yes,,,yes
20260604_160319,20260604_160319_00729,sicu,ChatGPT Plus,paper_style,V,70.0,word,manual_csv,data/chatgpt_plus_task16_full.csv,sicu,sicu,s i c u,4,3,75.0,True,True,,1,hunspell_cli,hunspell_cli,yes,,,yes
20260604_160319,20260604_160319_00730,cici,ChatGPT Plus,paper_style,V,70.0,word,manual_csv,data/chatgpt_plus_task16_full.csv,cici,cici,c i c i,4,4,100.0,True,True,,1,hunspell_cli,hunspell_cli,yes,,,yes
20260604_160319,20260604_160319_00731,cicu,ChatGPT Plus,paper_style,V,70.0,word,manual_csv,data/chatgpt_plus_task16_full.csv,cicu,cicu,c i c u,4,3,75.0,True,True,,1,hunspell_cli,hunspell_cli,yes,,,yes
20260604_160319,20260604_160319_00732,sici,ChatGPT Plus,paper_style,V,70.0,word,manual_csv,data/chatgpt_plus_task16_full.csv,sici,sici,s i c i,4,4,100.0,True,True,,1,hunspell_cli,hunspell_cli,yes,,,yes
20260604_160319,20260604_160319_00734,sivci,ChatGPT Plus,paper_style,V,70.0,word,manual_csv,data/chatgpt_plus_task16_full.csv,sivci,sivci,s i v c i,5,4,80.0,True,True,,1,hunspell_cli,hunspell_cli,yes,,,yes
20260604_160319,20260604_160319_00735,svisci,ChatGPT Plus,paper_style,V,70.0,word,manual_csv,data/chatgpt_plus_task16_full.csv,svisci,svisci,s v i s c i,6,5,83.33333333333334,True,True,,1,hunspell_cli,hunspell_cli,yes,,,yes
20260604_160319,20260604_160319_00757,Sivi zec sisi.,ChatGPT Plus,paper_style,V,70.0,sentence,manual_csv,data/chatgpt_plus_task16_full.csv,Sivi zec sisi.,sivi zec sisi,s i v i z e c s i s i,11,9,81.81818181818183,True,True,,3,hunspell_cli,hunspell_cli,yes,,,yes
20260604_160319,20260604_160319_00758,Zec sisi ciku.,ChatGPT Plus,paper_style,V,70.0,sentence,manual_csv,data/chatgpt_plus_task16_full.csv,Zec sisi ciku.,zec sisi ciku,z e c s i s i c i k u,11,8,72.72727272727273,True,True,,3,hunspell_cli,hunspell_cli,yes,,,yes
20260604_160319,20260604_160319_00761,Cici zec sisi.,ChatGPT Plus,paper_style,V,70.0,sentence,manual_csv,data/chatgpt_plus_task16_full.csv,Cici zec sisi.,cici zec sisi,c i c i z e c s i s i,11,10,90.9090909090909,True,True,,3,hunspell_cli,hunspell_cli,yes,,,yes
20260604_160319,20260604_160319_00765,Sin visi sisi.,ChatGPT Plus,paper_style,V,70.0,sentence,manual_csv,data/chatgpt_plus_task16_full.csv,Sin visi sisi.,sin visi sisi,s i n v i s i s i s i,11,9,81.81818181818183,True,True,,3,hunspell_cli,hunspell_cli,yes,,,yes
20260604_160319,20260604_160319_00766,Cica sisa cicu.,ChatGPT Plus,paper_style,V,70.0,sentence,manual_csv,data/chatgpt_plus_task16_full.csv,Cica sisa cicu.,cica sisa cicu,c i c a s i s a c i c u,12,9,75.0,True,True,,3,hunspell_cli,hunspell_cli,yes,,,yes
20260604_160319,20260604_160319_00769,Sivi sin sisa.,ChatGPT Plus,paper_style,V,70.0,sentence,manual_csv,data/chatgpt_plus_task16_full.csv,Sivi sin sisa.,sivi sin sisa,s i v i s i n s i s a,11,8,72.72727272727273,True,True,,3,hunspell_cli,hunspell_cli,yes,,,yes
20260604_160319,20260604_160319_00771,Sin nosi cici.,ChatGPT Plus,paper_style,V,70.0,sentence,manual_csv,data/chatgpt_plus_task16_full.csv,Sin nosi cici.,sin nosi cici,s i n n o s i c i c i,11,8,72.72727272727273,True,True,,3,hunspell_cli,hunspell_cli,yes,,,yes
20260604_160319,20260604_160319_00772,Sivi zec cici.,ChatGPT Plus,paper_style,V,70.0,sentence,manual_csv,data/chatgpt_plus_task16_full.csv,Sivi zec cici.,sivi zec cici,s i v i z e c c i c i,11,9,81.81818181818183,True,True,,3,hunspell_cli,hunspell_cli,yes,,,yes
20260604_160319,20260604_160319_00775,Cica cijedi sisi.,ChatGPT Plus,paper_style,V,70.0,sentence,manual_csv,data/chatgpt_plus_task16_full.csv,Cica cijedi sisi.,cica cijedi sisi,c i c a c i j e d i s i s i,14,10,71.42857142857143,True,True,,3,hunspell_cli,hunspell_cli,yes,,,yes
20260604_160319,20260604_160319_00782,Sivi sin visi,ChatGPT Plus,strict_plain_list,V,70.0,sentence,manual_csv,data/chatgpt_plus_task16_full.csv,Sivi sin visi,sivi sin visi,s i v i s i n v i s i,11,8,72.72727272727273,True,True,,3,hunspell_cli,hunspell_cli,yes,,,yes
20260604_160319,20260604_160319_00783,Sin sisa cicu,ChatGPT Plus,strict_plain_list,V,70.0,sentence,manual_csv,data/chatgpt_plus_task16_full.csv,Sin sisa cicu,sin sisa cicu,s i n s i s a c i c u,11,8,72.72727272727273,True,True,,3,hunspell_cli,hunspell_cli,yes,,,yes
20260604_160319,20260604_160319_00787,Sivi zec sisa,ChatGPT Plus,strict_plain_list,V,70.0,sentence,manual_csv,data/chatgpt_plus_task16_full.csv,Sivi zec sisa,sivi zec sisa,s i v i z e c s i s a,11,8,72.72727272727273,True,True,,3,hunspell_cli,hunspell_cli,yes,,,yes
20260604_160319,20260604_160319_00790,Sin sisi sisa,ChatGPT Plus,strict_plain_list,V,70.0,sentence,manual_csv,data/chatgpt_plus_task16_full.csv,Sin sisi sisa,sin sisi sisa,s i n s i s i s i s a,11,9,81.81818181818183,True,True,,3,hunspell_cli,hunspell_cli,yes,,,yes
20260604_160319,20260604_160319_00792,Cici sin sisa,ChatGPT Plus,strict_plain_list,V,70.0,sentence,manual_csv,data/chatgpt_plus_task16_full.csv,Cici sin sisa,cici sin sisa,c i c i s i n s i s a,11,9,81.81818181818183,True,True,,3,hunspell_cli,hunspell_cli,yes,,,yes
20260604_160319,20260604_160319_00796,Zec visi sisi,ChatGPT Plus,strict_plain_list,V,70.0,sentence,manual_csv,data/chatgpt_plus_task16_full.csv,Zec visi sisi,zec visi sisi,z e c v i s i s i s i,11,9,81.81818181818183,True,True,,3,hunspell_cli,hunspell_cli,yes,,,yes
